image_path,mask_path,defect_type,is_defect
data/raw/magnetic_tile_dataset/MT_Blowhole/Imgs/exp2_num_40424.jpg,data/raw/magnetic_tile_dataset/MT_Blowhole/Imgs/exp2_num_40424.png,Blowhole,1
data/raw/magnetic_tile_dataset/MT_Fray/Imgs/exp5_num_77692.jpg,data/raw/magnetic_tile_dataset/MT_Fray/Imgs/exp5_num_77692.png,Fray,1
data/raw/magnetic_tile_dataset/MT_Free/Imgs/exp6_num_180965.jpg,data/raw/magnetic_tile_dataset/MT_Free/Imgs/exp6_num_180965.png,Free,0
data/raw/magnetic_tile_dataset/MT_Free/Imgs/exp5_num_354439.jpg,data/raw/magnetic_tile_dataset/MT_Free/Imgs/exp5_num_354439.png,Free,0
data/raw/magnetic_tile_dataset/MT_Uneven/Imgs/exp2_num_270153.jpg,data/raw/magnetic_tile_dataset/MT_Uneven/Imgs/exp2_num_270153.png,Uneven,1
data/raw/magnetic_tile_dataset/MT_Crack/Imgs/exp1_num_3191.jpg,data/raw/magnetic_tile_dataset/MT_Crack/Imgs/exp1_num_3191.png,Crack,1
data/raw/magnetic_tile_dataset/MT_Free/Imgs/exp4_num_260976.jpg,data/raw/magnetic_tile_dataset/MT_Free/Imgs/exp4_num_260976.png,Free,0
data/raw/magnetic_tile_dataset/MT_Free/Imgs/exp1_num_65001.jpg,data/raw/magnetic_tile_dataset/MT_Free/Imgs/exp1_num_65001.png,Free,0
data/raw/magnetic_tile_dataset/MT_Free/Imgs/exp4_num_166238.jpg,data/raw/magnetic_tile_dataset/MT_Free/Imgs/exp4_num_166238.png,Free,0
data/raw/magnetic_tile_dataset/MT_Free/Imgs/exp2_num_331174.jpg,data/raw/magnetic_tile_dataset/MT_Free/Imgs/exp2_num_331174.png,Free,0
data/raw/magnetic_tile_dataset/MT_Crack/Imgs/exp3_num_86892.jpg,data/raw/magnetic_tile_dataset/MT_Crack/Imgs/exp3_num_86892.png,Crack,1
data/raw/magnetic_tile_dataset/MT_Free/Imgs/exp1_num_174647.jpg,data/raw/magnetic_tile_dataset/MT_Free/Imgs/exp1_num_174647.png,Free,0
data/raw/magnetic_tile_dataset/MT_Blowhole/Imgs/exp4_num_317540.jpg,data/raw/magnetic_tile_dataset/MT_Blowhole/Imgs/exp4_num_317540.png,Blowhole,1
data/raw/magnetic_tile_dataset/MT_Blowhole/Imgs/exp3_num_265117.jpg,data/raw/magnetic_tile_dataset/MT_Blowhole/Imgs/exp3_num_265117.png,Blowhole,1
data/raw/magnetic_tile_dataset/MT_Fray/Imgs/exp3_num_258558.jpg,data/raw/magnetic_tile_dataset/MT_Fray/Imgs/exp3_num_258558.png,Fray,1
data/raw/magnetic_tile_dataset/MT_Free/Imgs/exp5_num_31166.jpg,data/raw/magnetic_tile_dataset/MT_Free/Imgs/exp5_num_31166.png,Free,0
data/raw/magnetic_tile_dataset/MT_Free/Imgs/exp1_num_2610.jpg,data/raw/magnetic_tile_dataset/MT_Free/Imgs/exp1_num_2610.png,Free,0
data/raw/magnetic_tile_dataset/MT_Uneven/Imgs/exp2_num_274120.jpg,data/raw/magnetic_tile_dataset/MT_Uneven/Imgs/exp2_num_274120.png,Uneven,1
data/raw/magnetic_tile_dataset/MT_Free/Imgs/exp6_num_329323.jpg,data/raw/magnetic_tile_dataset/MT_Free/Imgs/exp6_num_329323.png,Free,0
data/raw/magnetic_tile_dataset/MT_Free/Imgs/exp3_num_337688.jpg,data/raw/magnetic_tile_dataset/MT_Free/Imgs/exp3_num_337688.png,Free,0
data/raw/magnetic_tile_dataset/MT_Free/Imgs/exp3_num_19753.jpg,data/raw/magnetic_tile_dataset/MT_Free/Imgs/exp3_num_19753.png,Free,0
data/raw/magnetic_tile_dataset/MT_Free/Imgs/exp2_num_75106.jpg,data/raw/magnetic_tile_dataset/MT_Free/Imgs/exp2_num_75106.png,Free,0
data/raw/magnetic_tile_dataset/MT_Free/Imgs/exp2_num_71201.jpg,data/raw/magnetic_tile_dataset/MT_Free/Imgs/exp2_num_71201.png,Free,0
data/raw/magnetic_tile_dataset/MT_Free/Imgs/exp1_num_338856.jpg,data/raw/magnetic_tile_dataset/MT_Free/Imgs/exp1_num_338856.png,Free,0
data/raw/magnetic_tile_dataset/MT_Uneven/Imgs/exp2_num_24815.jpg,data/raw/magnetic_tile_dataset/MT_Uneven/Imgs/exp2_num_24815.png,Uneven,1
data/raw/magnetic_tile_dataset/MT_Break/Imgs/exp1_num_116934.jpg,data/raw/magnetic_tile_dataset/MT_Break/Imgs/exp1_num_116934.png,Break,1
data/raw/magnetic_tile_dataset/MT_Free/Imgs/exp5_num_309407.jpg,data/raw/magnetic_tile_dataset/MT_Free/Imgs/exp5_num_309407.png,Free,0
data/raw/magnetic_tile_dataset/MT_Free/Imgs/exp4_num_351474.jpg,data/raw/magnetic_tile_dataset/MT_Free/Imgs/exp4_num_351474.png,Free,0
data/raw/magnetic_tile_dataset/MT_Free/Imgs/exp3_num_183846.jpg,data/raw/magnetic_tile_dataset/MT_Free/Imgs/exp3_num_183846.png,Free,0
data/raw/magnetic_tile_dataset/MT_Break/Imgs/exp4_num_320705.jpg,data/raw/magnetic_tile_dataset/MT_Break/Imgs/exp4_num_320705.png,Break,1
data/raw/magnetic_tile_dataset/MT_Break/Imgs/exp1_num_271361.jpg,data/raw/magnetic_tile_dataset/MT_Break/Imgs/exp1_num_271361.png,Break,1
data/raw/magnetic_tile_dataset/MT_Free/Imgs/exp4_num_283240.jpg,data/raw/magnetic_tile_dataset/MT_Free/Imgs/exp4_num_283240.png,Free,0
data/raw/magnetic_tile_dataset/MT_Free/Imgs/exp4_num_91034.jpg,data/raw/magnetic_tile_dataset/MT_Free/Imgs/exp4_num_91034.png,Free,0
data/raw/magnetic_tile_dataset/MT_Break/Imgs/exp6_num_26244.jpg,data/raw/magnetic_tile_dataset/MT_Break/Imgs/exp6_num_26244.png,Break,1
data/raw/magnetic_tile_dataset/MT_Free/Imgs/exp4_num_6552.jpg,data/raw/magnetic_tile_dataset/MT_Free/Imgs/exp4_num_6552.png,Free,0
data/raw/magnetic_tile_dataset/MT_Blowhole/Imgs/exp6_num_108812.jpg,data/raw/magnetic_tile_dataset/MT_Blowhole/Imgs/exp6_num_108812.png,Blowhole,1
data/raw/magnetic_tile_dataset/MT_Blowhole/Imgs/exp2_num_297490.jpg,data/raw/magnetic_tile_dataset/MT_Blowhole/Imgs/exp2_num_297490.png,Blowhole,1
data/raw/magnetic_tile_dataset/MT_Free/Imgs/exp1_num_316333.jpg,data/raw/magnetic_tile_dataset/MT_Free/Imgs/exp1_num_316333.png,Free,0
data/raw/magnetic_tile_dataset/MT_Uneven/Imgs/exp3_num_352516.jpg,data/raw/magnetic_tile_dataset/MT_Uneven/Imgs/exp3_num_352516.png,Uneven,1
data/raw/magnetic_tile_dataset/MT_Blowhole/Imgs/exp5_num_265149.jpg,data/raw/magnetic_tile_dataset/MT_Blowhole/Imgs/exp5_num_265149.png,Blowhole,1
data/raw/magnetic_tile_dataset/MT_Free/Imgs/exp3_num_304319.jpg,data/raw/magnetic_tile_dataset/MT_Free/Imgs/exp3_num_304319.png,Free,0
data/raw/magnetic_tile_dataset/MT_Break/Imgs/exp4_num_241939.jpg,data/raw/magnetic_tile_dataset/MT_Break/Imgs/exp4_num_241939.png,Break,1
data/raw/magnetic_tile_dataset/MT_Uneven/Imgs/exp4_num_155384.jpg,data/raw/magnetic_tile_dataset/MT_Uneven/Imgs/exp4_num_155384.png,Uneven,1
data/raw/magnetic_tile_dataset/MT_Blowhole/Imgs/exp4_num_40450.jpg,data/raw/magnetic_tile_dataset/MT_Blowhole/Imgs/exp4_num_40450.png,Blowhole,1
data/raw/magnetic_tile_dataset/MT_Break/Imgs/exp3_num_148977.jpg,data/raw/magnetic_tile_dataset/MT_Break/Imgs/exp3_num_148977.png,Break,1
data/raw/magnetic_tile_dataset/MT_Uneven/Imgs/exp6_num_274218.jpg,data/raw/magnetic_tile_dataset/MT_Uneven/Imgs/exp6_num_274218.png,Uneven,1
data/raw/magnetic_tile_dataset/MT_Free/Imgs/exp3_num_309681.jpg,data/raw/magnetic_tile_dataset/MT_Free/Imgs/exp3_num_309681.png,Free,0
data/raw/magnetic_tile_dataset/MT_Blowhole/Imgs/exp6_num_5106.jpg,data/raw/magnetic_tile_dataset/MT_Blowhole/Imgs/exp6_num_5106.png,Blowhole,1
data/raw/magnetic_tile_dataset/MT_Free/Imgs/exp1_num_260927.jpg,data/raw/magnetic_tile_dataset/MT_Free/Imgs/exp1_num_260927.png,Free,0
data/raw/magnetic_tile_dataset/MT_Blowhole/Imgs/exp6_num_9594.jpg,data/raw/magnetic_tile_dataset/MT_Blowhole/Imgs/exp6_num_9594.png,Blowhole,1
data/raw/magnetic_tile_dataset/MT_Free/Imgs/exp3_num_246338.jpg,data/raw/magnetic_tile_dataset/MT_Free/Imgs/exp3_num_246338.png,Free,0
data/raw/magnetic_tile_dataset/MT_Free/Imgs/exp4_num_349868.jpg,data/raw/magnetic_tile_dataset/MT_Free/Imgs/exp4_num_349868.png,Free,0
data/raw/magnetic_tile_dataset/MT_Break/Imgs/exp5_num_62619.jpg,data/raw/magnetic_tile_dataset/MT_Break/Imgs/exp5_num_62619.png,Break,1
data/raw/magnetic_tile_dataset/MT_Blowhole/Imgs/exp1_num_262480.jpg,data/raw/magnetic_tile_dataset/MT_Blowhole/Imgs/exp1_num_262480.png,Blowhole,1
data/raw/magnetic_tile_dataset/MT_Free/Imgs/exp5_num_2673.jpg,data/raw/magnetic_tile_dataset/MT_Free/Imgs/exp5_num_2673.png,Free,0
data/raw/magnetic_tile_dataset/MT_Uneven/Imgs/exp5_num_172332.jpg,data/raw/magnetic_tile_dataset/MT_Uneven/Imgs/exp5_num_172332.png,Uneven,1
data/raw/magnetic_tile_dataset/MT_Blowhole/Imgs/exp2_num_108741.jpg,data/raw/magnetic_tile_dataset/MT_Blowhole/Imgs/exp2_num_108741.png,Blowhole,1
data/raw/magnetic_tile_dataset/MT_Uneven/Imgs/exp2_num_542.jpg,data/raw/magnetic_tile_dataset/MT_Uneven/Imgs/exp2_num_542.png,Uneven,1
data/raw/magnetic_tile_dataset/MT_Uneven/Imgs/exp5_num_274174.jpg,data/raw/magnetic_tile_dataset/MT_Uneven/Imgs/exp5_num_274174.png,Uneven,1
data/raw/magnetic_tile_dataset/MT_Fray/Imgs/exp3_num_20409.jpg,data/raw/magnetic_tile_dataset/MT_Fray/Imgs/exp3_num_20409.png,Fray,1
data/raw/magnetic_tile_dataset/MT_Free/Imgs/exp2_num_157736.jpg,data/raw/magnetic_tile_dataset/MT_Free/Imgs/exp2_num_157736.png,Free,0
data/raw/magnetic_tile_dataset/MT_Fray/Imgs/exp2_num_20390.jpg,data/raw/magnetic_tile_dataset/MT_Fray/Imgs/exp2_num_20390.png,Fray,1
data/raw/magnetic_tile_dataset/MT_Free/Imgs/exp3_num_192174.jpg,data/raw/magnetic_tile_dataset/MT_Free/Imgs/exp3_num_192174.png,Free,0
data/raw/magnetic_tile_dataset/MT_Free/Imgs/exp1_num_53011.jpg,data/raw/magnetic_tile_dataset/MT_Free/Imgs/exp1_num_53011.png,Free,0
data/raw/magnetic_tile_dataset/MT_Free/Imgs/exp1_num_255641.jpg,data/raw/magnetic_tile_dataset/MT_Free/Imgs/exp1_num_255641.png,Free,0
data/raw/magnetic_tile_dataset/MT_Free/Imgs/exp4_num_157245.jpg,data/raw/magnetic_tile_dataset/MT_Free/Imgs/exp4_num_157245.png,Free,0
data/raw/magnetic_tile_dataset/MT_Blowhole/Imgs/exp2_num_265103.jpg,data/raw/magnetic_tile_dataset/MT_Blowhole/Imgs/exp2_num_265103.png,Blowhole,1
data/raw/magnetic_tile_dataset/MT_Free/Imgs/exp4_num_320501.jpg,data/raw/magnetic_tile_dataset/MT_Free/Imgs/exp4_num_320501.png,Free,0
data/raw/magnetic_tile_dataset/MT_Uneven/Imgs/exp4_num_352527.jpg,data/raw/magnetic_tile_dataset/MT_Uneven/Imgs/exp4_num_352527.png,Uneven,1
data/raw/magnetic_tile_dataset/MT_Free/Imgs/exp1_num_50387.jpg,data/raw/magnetic_tile_dataset/MT_Free/Imgs/exp1_num_50387.png,Free,0
data/raw/magnetic_tile_dataset/MT_Break/Imgs/exp3_num_98116.jpg,data/raw/magnetic_tile_dataset/MT_Break/Imgs/exp3_num_98116.png,Break,1
data/raw/magnetic_tile_dataset/MT_Fray/Imgs/exp6_num_258703.jpg,data/raw/magnetic_tile_dataset/MT_Fray/Imgs/exp6_num_258703.png,Fray,1
data/raw/magnetic_tile_dataset/MT_Free/Imgs/exp4_num_275709.jpg,data/raw/magnetic_tile_dataset/MT_Free/Imgs/exp4_num_275709.png,Free,0
data/raw/magnetic_tile_dataset/MT_Blowhole/Imgs/exp3_num_308061.jpg,data/raw/magnetic_tile_dataset/MT_Blowhole/Imgs/exp3_num_308061.png,Blowhole,1
data/raw/magnetic_tile_dataset/MT_Blowhole/Imgs/exp3_num_346347.jpg,data/raw/magnetic_tile_dataset/MT_Blowhole/Imgs/exp3_num_346347.png,Blowhole,1
data/raw/magnetic_tile_dataset/MT_Break/Imgs/exp3_num_320689.jpg,data/raw/magnetic_tile_dataset/MT_Break/Imgs/exp3_num_320689.png,Break,1
data/raw/magnetic_tile_dataset/MT_Free/Imgs/exp4_num_296682.jpg,data/raw/magnetic_tile_dataset/MT_Free/Imgs/exp4_num_296682.png,Free,0
data/raw/magnetic_tile_dataset/MT_Uneven/Imgs/exp1_num_311809.jpg,data/raw/magnetic_tile_dataset/MT_Uneven/Imgs/exp1_num_311809.png,Uneven,1
data/raw/magnetic_tile_dataset/MT_Free/Imgs/exp3_num_342889.jpg,data/raw/magnetic_tile_dataset/MT_Free/Imgs/exp3_num_342889.png,Free,0
data/raw/magnetic_tile_dataset/MT_Free/Imgs/exp4_num_2086.jpg,data/raw/magnetic_tile_dataset/MT_Free/Imgs/exp4_num_2086.png,Free,0
data/raw/magnetic_tile_dataset/MT_Free/Imgs/exp4_num_10957.jpg,data/raw/magnetic_tile_dataset/MT_Free/Imgs/exp4_num_10957.png,Free,0
data/raw/magnetic_tile_dataset/MT_Free/Imgs/exp2_num_887.jpg,data/raw/magnetic_tile_dataset/MT_Free/Imgs/exp2_num_887.png,Free,0
data/raw/magnetic_tile_dataset/MT_Free/Imgs/exp5_num_279145.jpg,data/raw/magnetic_tile_dataset/MT_Free/Imgs/exp5_num_279145.png,Free,0
data/raw/magnetic_tile_dataset/MT_Blowhole/Imgs/exp4_num_328029.jpg,data/raw/magnetic_tile_dataset/MT_Blowhole/Imgs/exp4_num_328029.png,Blowhole,1
data/raw/magnetic_tile_dataset/MT_Free/Imgs/exp6_num_245834.jpg,data/raw/magnetic_tile_dataset/MT_Free/Imgs/exp6_num_245834.png,Free,0
data/raw/magnetic_tile_dataset/MT_Free/Imgs/exp2_num_257656.jpg,data/raw/magnetic_tile_dataset/MT_Free/Imgs/exp2_num_257656.png,Free,0
data/raw/magnetic_tile_dataset/MT_Free/Imgs/exp3_num_183198.jpg,data/raw/magnetic_tile_dataset/MT_Free/Imgs/exp3_num_183198.png,Free,0
data/raw/magnetic_tile_dataset/MT_Break/Imgs/exp3_num_348661.jpg,data/raw/magnetic_tile_dataset/MT_Break/Imgs/exp3_num_348661.png,Break,1
data/raw/magnetic_tile_dataset/MT_Fray/Imgs/exp2_num_77559.jpg,data/raw/magnetic_tile_dataset/MT_Fray/Imgs/exp2_num_77559.png,Fray,1
data/raw/magnetic_tile_dataset/MT_Free/Imgs/exp3_num_240077.jpg,data/raw/magnetic_tile_dataset/MT_Free/Imgs/exp3_num_240077.png,Free,0
data/raw/magnetic_tile_dataset/MT_Free/Imgs/exp3_num_70527.jpg,data/raw/magnetic_tile_dataset/MT_Free/Imgs/exp3_num_70527.png,Free,0
data/raw/magnetic_tile_dataset/MT_Crack/Imgs/exp1_num_276355.jpg,data/raw/magnetic_tile_dataset/MT_Crack/Imgs/exp1_num_276355.png,Crack,1
data/raw/magnetic_tile_dataset/MT_Uneven/Imgs/exp3_num_274138.jpg,data/raw/magnetic_tile_dataset/MT_Uneven/Imgs/exp3_num_274138.png,Uneven,1
data/raw/magnetic_tile_dataset/MT_Free/Imgs/exp6_num_306496.jpg,data/raw/magnetic_tile_dataset/MT_Free/Imgs/exp6_num_306496.png,Free,0
data/raw/magnetic_tile_dataset/MT_Blowhole/Imgs/exp4_num_262626.jpg,data/raw/magnetic_tile_dataset/MT_Blowhole/Imgs/exp4_num_262626.png,Blowhole,1
data/raw/magnetic_tile_dataset/MT_Free/Imgs/exp4_num_260535.jpg,data/raw/magnetic_tile_dataset/MT_Free/Imgs/exp4_num_260535.png,Free,0
data/raw/magnetic_tile_dataset/MT_Blowhole/Imgs/exp3_num_36246.jpg,data/raw/magnetic_tile_dataset/MT_Blowhole/Imgs/exp3_num_36246.png,Blowhole,1
data/raw/magnetic_tile_dataset/MT_Crack/Imgs/exp4_num_342190.jpg,data/raw/magnetic_tile_dataset/MT_Crack/Imgs/exp4_num_342190.png,Crack,1
data/raw/magnetic_tile_dataset/MT_Crack/Imgs/exp3_num_265659.jpg,data/raw/magnetic_tile_dataset/MT_Crack/Imgs/exp3_num_265659.png,Crack,1
data/raw/magnetic_tile_dataset/MT_Uneven/Imgs/exp1_num_139798.jpg,data/raw/magnetic_tile_dataset/MT_Uneven/Imgs/exp1_num_139798.png,Uneven,1
data/raw/magnetic_tile_dataset/MT_Free/Imgs/exp5_num_280271.jpg,data/raw/magnetic_tile_dataset/MT_Free/Imgs/exp5_num_280271.png,Free,0
data/raw/magnetic_tile_dataset/MT_Blowhole/Imgs/exp5_num_262654.jpg,data/raw/magnetic_tile_dataset/MT_Blowhole/Imgs/exp5_num_262654.png,Blowhole,1
data/raw/magnetic_tile_dataset/MT_Free/Imgs/exp5_num_174768.jpg,data/raw/magnetic_tile_dataset/MT_Free/Imgs/exp5_num_174768.png,Free,0
data/raw/magnetic_tile_dataset/MT_Uneven/Imgs/exp2_num_155333.jpg,data/raw/magnetic_tile_dataset/MT_Uneven/Imgs/exp2_num_155333.png,Uneven,1
data/raw/magnetic_tile_dataset/MT_Free/Imgs/exp5_num_5874.jpg,data/raw/magnetic_tile_dataset/MT_Free/Imgs/exp5_num_5874.png,Free,0
data/raw/magnetic_tile_dataset/MT_Blowhole/Imgs/exp5_num_108791.jpg,data/raw/magnetic_tile_dataset/MT_Blowhole/Imgs/exp5_num_108791.png,Blowhole,1
data/raw/magnetic_tile_dataset/MT_Free/Imgs/exp4_num_358138.jpg,data/raw/magnetic_tile_dataset/MT_Free/Imgs/exp4_num_358138.png,Free,0
data/raw/magnetic_tile_dataset/MT_Free/Imgs/exp6_num_16624.jpg,data/raw/magnetic_tile_dataset/MT_Free/Imgs/exp6_num_16624.png,Free,0
data/raw/magnetic_tile_dataset/MT_Free/Imgs/exp5_num_94986.jpg,data/raw/magnetic_tile_dataset/MT_Free/Imgs/exp5_num_94986.png,Free,0
data/raw/magnetic_tile_dataset/MT_Break/Imgs/exp3_num_276387.jpg,data/raw/magnetic_tile_dataset/MT_Break/Imgs/exp3_num_276387.png,Break,1
data/raw/magnetic_tile_dataset/MT_Free/Imgs/exp2_num_166200.jpg,data/raw/magnetic_tile_dataset/MT_Free/Imgs/exp2_num_166200.png,Free,0
data/raw/magnetic_tile_dataset/MT_Free/Imgs/exp6_num_37354.jpg,data/raw/magnetic_tile_dataset/MT_Free/Imgs/exp6_num_37354.png,Free,0
data/raw/magnetic_tile_dataset/MT_Free/Imgs/exp6_num_320864.jpg,data/raw/magnetic_tile_dataset/MT_Free/Imgs/exp6_num_320864.png,Free,0
data/raw/magnetic_tile_dataset/MT_Free/Imgs/exp1_num_29469.jpg,data/raw/magnetic_tile_dataset/MT_Free/Imgs/exp1_num_29469.png,Free,0
data/raw/magnetic_tile_dataset/MT_Free/Imgs/exp4_num_332730.jpg,data/raw/magnetic_tile_dataset/MT_Free/Imgs/exp4_num_332730.png,Free,0
data/raw/magnetic_tile_dataset/MT_Free/Imgs/exp6_num_299824.jpg,data/raw/magnetic_tile_dataset/MT_Free/Imgs/exp6_num_299824.png,Free,0
data/raw/magnetic_tile_dataset/MT_Uneven/Imgs/exp5_num_592.jpg,data/raw/magnetic_tile_dataset/MT_Uneven/Imgs/exp5_num_592.png,Uneven,1
data/raw/magnetic_tile_dataset/MT_Free/Imgs/exp1_num_257103.jpg,data/raw/magnetic_tile_dataset/MT_Free/Imgs/exp1_num_257103.png,Free,0
data/raw/magnetic_tile_dataset/MT_Break/Imgs/exp1_num_348629.jpg,data/raw/magnetic_tile_dataset/MT_Break/Imgs/exp1_num_348629.png,Break,1
data/raw/magnetic_tile_dataset/MT_Free/Imgs/exp3_num_118911.jpg,data/raw/magnetic_tile_dataset/MT_Free/Imgs/exp3_num_118911.png,Free,0
data/raw/magnetic_tile_dataset/MT_Free/Imgs/exp6_num_266375.jpg,data/raw/magnetic_tile_dataset/MT_Free/Imgs/exp6_num_266375.png,Free,0
data/raw/magnetic_tile_dataset/MT_Free/Imgs/exp2_num_286251.jpg,data/raw/magnetic_tile_dataset/MT_Free/Imgs/exp2_num_286251.png,Free,0
data/raw/magnetic_tile_dataset/MT_Free/Imgs/exp2_num_262661.jpg,data/raw/magnetic_tile_dataset/MT_Free/Imgs/exp2_num_262661.png,Free,0
data/raw/magnetic_tile_dataset/MT_Free/Imgs/exp4_num_319357.jpg,data/raw/magnetic_tile_dataset/MT_Free/Imgs/exp4_num_319357.png,Free,0
data/raw/magnetic_tile_dataset/MT_Crack/Imgs/exp5_num_32201.jpg,data/raw/magnetic_tile_dataset/MT_Crack/Imgs/exp5_num_32201.png,Crack,1
data/raw/magnetic_tile_dataset/MT_Uneven/Imgs/exp3_num_557.jpg,data/raw/magnetic_tile_dataset/MT_Uneven/Imgs/exp3_num_557.png,Uneven,1
data/raw/magnetic_tile_dataset/MT_Uneven/Imgs/exp6_num_313568.jpg,data/raw/magnetic_tile_dataset/MT_Uneven/Imgs/exp6_num_313568.png,Uneven,1
data/raw/magnetic_tile_dataset/MT_Free/Imgs/exp2_num_355658.jpg,data/raw/magnetic_tile_dataset/MT_Free/Imgs/exp2_num_355658.png,Free,0
data/raw/magnetic_tile_dataset/MT_Free/Imgs/exp6_num_255822.jpg,data/raw/magnetic_tile_dataset/MT_Free/Imgs/exp6_num_255822.png,Free,0
data/raw/magnetic_tile_dataset/MT_Free/Imgs/exp4_num_65043.jpg,data/raw/magnetic_tile_dataset/MT_Free/Imgs/exp4_num_65043.png,Free,0
data/raw/magnetic_tile_dataset/MT_Fray/Imgs/exp1_num_77531.jpg,data/raw/magnetic_tile_dataset/MT_Fray/Imgs/exp1_num_77531.png,Fray,1
data/raw/magnetic_tile_dataset/MT_Free/Imgs/exp4_num_147986.jpg,data/raw/magnetic_tile_dataset/MT_Free/Imgs/exp4_num_147986.png,Free,0
data/raw/magnetic_tile_dataset/MT_Free/Imgs/exp4_num_39469.jpg,data/raw/magnetic_tile_dataset/MT_Free/Imgs/exp4_num_39469.png,Free,0
data/raw/magnetic_tile_dataset/MT_Blowhole/Imgs/exp3_num_54291.jpg,data/raw/magnetic_tile_dataset/MT_Blowhole/Imgs/exp3_num_54291.png,Blowhole,1
data/raw/magnetic_tile_dataset/MT_Blowhole/Imgs/exp5_num_5022.jpg,data/raw/magnetic_tile_dataset/MT_Blowhole/Imgs/exp5_num_5022.png,Blowhole,1
data/raw/magnetic_tile_dataset/MT_Blowhole/Imgs/exp2_num_108923.jpg,data/raw/magnetic_tile_dataset/MT_Blowhole/Imgs/exp2_num_108923.png,Blowhole,1
data/raw/magnetic_tile_dataset/MT_Free/Imgs/exp2_num_246323.jpg,data/raw/magnetic_tile_dataset/MT_Free/Imgs/exp2_num_246323.png,Free,0
data/raw/magnetic_tile_dataset/MT_Free/Imgs/exp5_num_180393.jpg,data/raw/magnetic_tile_dataset/MT_Free/Imgs/exp5_num_180393.png,Free,0
data/raw/magnetic_tile_dataset/MT_Blowhole/Imgs/exp1_num_346311.jpg,data/raw/magnetic_tile_dataset/MT_Blowhole/Imgs/exp1_num_346311.png,Blowhole,1
data/raw/magnetic_tile_dataset/MT_Uneven/Imgs/exp6_num_139916.jpg,data/raw/magnetic_tile_dataset/MT_Uneven/Imgs/exp6_num_139916.png,Uneven,1
data/raw/magnetic_tile_dataset/MT_Free/Imgs/exp6_num_127730.jpg,data/raw/magnetic_tile_dataset/MT_Free/Imgs/exp6_num_127730.png,Free,0
data/raw/magnetic_tile_dataset/MT_Free/Imgs/exp3_num_332719.jpg,data/raw/magnetic_tile_dataset/MT_Free/Imgs/exp3_num_332719.png,Free,0
data/raw/magnetic_tile_dataset/MT_Free/Imgs/exp2_num_277012.jpg,data/raw/magnetic_tile_dataset/MT_Free/Imgs/exp2_num_277012.png,Free,0
data/raw/magnetic_tile_dataset/MT_Blowhole/Imgs/exp1_num_4727.jpg,data/raw/magnetic_tile_dataset/MT_Blowhole/Imgs/exp1_num_4727.png,Blowhole,1
data/raw/magnetic_tile_dataset/MT_Crack/Imgs/exp5_num_342212.jpg,data/raw/magnetic_tile_dataset/MT_Crack/Imgs/exp5_num_342212.png,Crack,1
data/raw/magnetic_tile_dataset/MT_Free/Imgs/exp1_num_319680.jpg,data/raw/magnetic_tile_dataset/MT_Free/Imgs/exp1_num_319680.png,Free,0
data/raw/magnetic_tile_dataset/MT_Crack/Imgs/exp3_num_249637.jpg,data/raw/magnetic_tile_dataset/MT_Crack/Imgs/exp3_num_249637.png,Crack,1
data/raw/magnetic_tile_dataset/MT_Free/Imgs/exp6_num_316778.jpg,data/raw/magnetic_tile_dataset/MT_Free/Imgs/exp6_num_316778.png,Free,0
data/raw/magnetic_tile_dataset/MT_Free/Imgs/exp2_num_54126.jpg,data/raw/magnetic_tile_dataset/MT_Free/Imgs/exp2_num_54126.png,Free,0
data/raw/magnetic_tile_dataset/MT_Free/Imgs/exp6_num_289705.jpg,data/raw/magnetic_tile_dataset/MT_Free/Imgs/exp6_num_289705.png,Free,0
data/raw/magnetic_tile_dataset/MT_Break/Imgs/exp5_num_356780.jpg,data/raw/magnetic_tile_dataset/MT_Break/Imgs/exp5_num_356780.png,Break,1
data/raw/magnetic_tile_dataset/MT_Free/Imgs/exp2_num_70514.jpg,data/raw/magnetic_tile_dataset/MT_Free/Imgs/exp2_num_70514.png,Free,0
data/raw/magnetic_tile_dataset/MT_Uneven/Imgs/exp2_num_186858.jpg,data/raw/magnetic_tile_dataset/MT_Uneven/Imgs/exp2_num_186858.png,Uneven,1
data/raw/magnetic_tile_dataset/MT_Blowhole/Imgs/exp5_num_54331.jpg,data/raw/magnetic_tile_dataset/MT_Blowhole/Imgs/exp5_num_54331.png,Blowhole,1
data/raw/magnetic_tile_dataset/MT_Break/Imgs/exp1_num_284482.jpg,data/raw/magnetic_tile_dataset/MT_Break/Imgs/exp1_num_284482.png,Break,1
data/raw/magnetic_tile_dataset/MT_Crack/Imgs/exp5_num_116575.jpg,data/raw/magnetic_tile_dataset/MT_Crack/Imgs/exp5_num_116575.png,Crack,1
data/raw/magnetic_tile_dataset/MT_Uneven/Imgs/exp4_num_172304.jpg,data/raw/magnetic_tile_dataset/MT_Uneven/Imgs/exp4_num_172304.png,Uneven,1
data/raw/magnetic_tile_dataset/MT_Crack/Imgs/exp1_num_85781.jpg,data/raw/magnetic_tile_dataset/MT_Crack/Imgs/exp1_num_85781.png,Crack,1
data/raw/magnetic_tile_dataset/MT_Free/Imgs/exp3_num_13568.jpg,data/raw/magnetic_tile_dataset/MT_Free/Imgs/exp3_num_13568.png,Free,0
data/raw/magnetic_tile_dataset/MT_Break/Imgs/exp4_num_284532.jpg,data/raw/magnetic_tile_dataset/MT_Break/Imgs/exp4_num_284532.png,Break,1
data/raw/magnetic_tile_dataset/MT_Free/Imgs/exp1_num_320808.jpg,data/raw/magnetic_tile_dataset/MT_Free/Imgs/exp1_num_320808.png,Free,0
data/raw/magnetic_tile_dataset/MT_Free/Imgs/exp2_num_10202.jpg,data/raw/magnetic_tile_dataset/MT_Free/Imgs/exp2_num_10202.png,Free,0
data/raw/magnetic_tile_dataset/MT_Break/Imgs/exp2_num_276373.jpg,data/raw/magnetic_tile_dataset/MT_Break/Imgs/exp2_num_276373.png,Break,1
data/raw/magnetic_tile_dataset/MT_Break/Imgs/exp1_num_26106.jpg,data/raw/magnetic_tile_dataset/MT_Break/Imgs/exp1_num_26106.png,Break,1
data/raw/magnetic_tile_dataset/MT_Blowhole/Imgs/exp1_num_54246.jpg,data/raw/magnetic_tile_dataset/MT_Blowhole/Imgs/exp1_num_54246.png,Blowhole,1
data/raw/magnetic_tile_dataset/MT_Break/Imgs/exp4_num_62606.jpg,data/raw/magnetic_tile_dataset/MT_Break/Imgs/exp4_num_62606.png,Break,1
data/raw/magnetic_tile_dataset/MT_Crack/Imgs/exp4_num_249762.jpg,data/raw/magnetic_tile_dataset/MT_Crack/Imgs/exp4_num_249762.png,Crack,1
data/raw/magnetic_tile_dataset/MT_Break/Imgs/exp6_num_105927.jpg,data/raw/magnetic_tile_dataset/MT_Break/Imgs/exp6_num_105927.png,Break,1
data/raw/magnetic_tile_dataset/MT_Free/Imgs/exp4_num_7911.jpg,data/raw/magnetic_tile_dataset/MT_Free/Imgs/exp4_num_7911.png,Free,0
data/raw/magnetic_tile_dataset/MT_Free/Imgs/exp2_num_94922.jpg,data/raw/magnetic_tile_dataset/MT_Free/Imgs/exp2_num_94922.png,Free,0
data/raw/magnetic_tile_dataset/MT_Uneven/Imgs/exp6_num_628.jpg,data/raw/magnetic_tile_dataset/MT_Uneven/Imgs/exp6_num_628.png,Uneven,1
data/raw/magnetic_tile_dataset/MT_Uneven/Imgs/exp5_num_352540.jpg,data/raw/magnetic_tile_dataset/MT_Uneven/Imgs/exp5_num_352540.png,Uneven,1
data/raw/magnetic_tile_dataset/MT_Free/Imgs/exp6_num_187701.jpg,data/raw/magnetic_tile_dataset/MT_Free/Imgs/exp6_num_187701.png,Free,0
data/raw/magnetic_tile_dataset/MT_Fray/Imgs/exp3_num_136351.jpg,data/raw/magnetic_tile_dataset/MT_Fray/Imgs/exp3_num_136351.png,Fray,1
data/raw/magnetic_tile_dataset/MT_Free/Imgs/exp2_num_157196.jpg,data/raw/magnetic_tile_dataset/MT_Free/Imgs/exp2_num_157196.png,Free,0
data/raw/magnetic_tile_dataset/MT_Crack/Imgs/exp4_num_88149.jpg,data/raw/magnetic_tile_dataset/MT_Crack/Imgs/exp4_num_88149.png,Crack,1
data/raw/magnetic_tile_dataset/MT_Free/Imgs/exp5_num_129678.jpg,data/raw/magnetic_tile_dataset/MT_Free/Imgs/exp5_num_129678.png,Free,0
data/raw/magnetic_tile_dataset/MT_Break/Imgs/exp2_num_271384.jpg,data/raw/magnetic_tile_dataset/MT_Break/Imgs/exp2_num_271384.png,Break,1
data/raw/magnetic_tile_dataset/MT_Fray/Imgs/exp5_num_135651.jpg,data/raw/magnetic_tile_dataset/MT_Fray/Imgs/exp5_num_135651.png,Fray,1
data/raw/magnetic_tile_dataset/MT_Free/Imgs/exp6_num_240188.jpg,data/raw/magnetic_tile_dataset/MT_Free/Imgs/exp6_num_240188.png,Free,0
data/raw/magnetic_tile_dataset/MT_Uneven/Imgs/exp3_num_45042.jpg,data/raw/magnetic_tile_dataset/MT_Uneven/Imgs/exp3_num_45042.png,Uneven,1
data/raw/magnetic_tile_dataset/MT_Crack/Imgs/exp3_num_116541.jpg,data/raw/magnetic_tile_dataset/MT_Crack/Imgs/exp3_num_116541.png,Crack,1
data/raw/magnetic_tile_dataset/MT_Free/Imgs/exp1_num_157675.jpg,data/raw/magnetic_tile_dataset/MT_Free/Imgs/exp1_num_157675.png,Free,0
data/raw/magnetic_tile_dataset/MT_Free/Imgs/exp2_num_5924.jpg,data/raw/magnetic_tile_dataset/MT_Free/Imgs/exp2_num_5924.png,Free,0
data/raw/magnetic_tile_dataset/MT_Free/Imgs/exp2_num_11292.jpg,data/raw/magnetic_tile_dataset/MT_Free/Imgs/exp2_num_11292.png,Free,0
data/raw/magnetic_tile_dataset/MT_Uneven/Imgs/exp6_num_311924.jpg,data/raw/magnetic_tile_dataset/MT_Uneven/Imgs/exp6_num_311924.png,Uneven,1
data/raw/magnetic_tile_dataset/MT_Blowhole/Imgs/exp4_num_9520.jpg,data/raw/magnetic_tile_dataset/MT_Blowhole/Imgs/exp4_num_9520.png,Blowhole,1
data/raw/magnetic_tile_dataset/MT_Free/Imgs/exp2_num_37273.jpg,data/raw/magnetic_tile_dataset/MT_Free/Imgs/exp2_num_37273.png,Free,0
data/raw/magnetic_tile_dataset/MT_Free/Imgs/exp5_num_260989.jpg,data/raw/magnetic_tile_dataset/MT_Free/Imgs/exp5_num_260989.png,Free,0
data/raw/magnetic_tile_dataset/MT_Fray/Imgs/exp1_num_258511.jpg,data/raw/magnetic_tile_dataset/MT_Fray/Imgs/exp1_num_258511.png,Fray,1
data/raw/magnetic_tile_dataset/MT_Blowhole/Imgs/exp4_num_291052.jpg,data/raw/magnetic_tile_dataset/MT_Blowhole/Imgs/exp4_num_291052.png,Blowhole,1
data/raw/magnetic_tile_dataset/MT_Fray/Imgs/exp2_num_258536.jpg,data/raw/magnetic_tile_dataset/MT_Fray/Imgs/exp2_num_258536.png,Fray,1
data/raw/magnetic_tile_dataset/MT_Free/Imgs/exp2_num_192155.jpg,data/raw/magnetic_tile_dataset/MT_Free/Imgs/exp2_num_192155.png,Free,0
data/raw/magnetic_tile_dataset/MT_Break/Imgs/exp5_num_98336.jpg,data/raw/magnetic_tile_dataset/MT_Break/Imgs/exp5_num_98336.png,Break,1
data/raw/magnetic_tile_dataset/MT_Free/Imgs/exp4_num_279133.jpg,data/raw/magnetic_tile_dataset/MT_Free/Imgs/exp4_num_279133.png,Free,0
data/raw/magnetic_tile_dataset/MT_Crack/Imgs/exp5_num_3247.jpg,data/raw/magnetic_tile_dataset/MT_Crack/Imgs/exp5_num_3247.png,Crack,1
data/raw/magnetic_tile_dataset/MT_Free/Imgs/exp2_num_1836.jpg,data/raw/magnetic_tile_dataset/MT_Free/Imgs/exp2_num_1836.png,Free,0
data/raw/magnetic_tile_dataset/MT_Free/Imgs/exp2_num_332707.jpg,data/raw/magnetic_tile_dataset/MT_Free/Imgs/exp2_num_332707.png,Free,0
data/raw/magnetic_tile_dataset/MT_Uneven/Imgs/exp3_num_124629.jpg,data/raw/magnetic_tile_dataset/MT_Uneven/Imgs/exp3_num_124629.png,Uneven,1
data/raw/magnetic_tile_dataset/MT_Crack/Imgs/exp4_num_339867.jpg,data/raw/magnetic_tile_dataset/MT_Crack/Imgs/exp4_num_339867.png,Crack,1
data/raw/magnetic_tile_dataset/MT_Free/Imgs/exp3_num_354417.jpg,data/raw/magnetic_tile_dataset/MT_Free/Imgs/exp3_num_354417.png,Free,0
data/raw/magnetic_tile_dataset/MT_Blowhole/Imgs/exp3_num_108757.jpg,data/raw/magnetic_tile_dataset/MT_Blowhole/Imgs/exp3_num_108757.png,Blowhole,1
data/raw/magnetic_tile_dataset/MT_Free/Imgs/exp2_num_6558.jpg,data/raw/magnetic_tile_dataset/MT_Free/Imgs/exp2_num_6558.png,Free,0
data/raw/magnetic_tile_dataset/MT_Blowhole/Imgs/exp4_num_265131.jpg,data/raw/magnetic_tile_dataset/MT_Blowhole/Imgs/exp4_num_265131.png,Blowhole,1
data/raw/magnetic_tile_dataset/MT_Uneven/Imgs/exp5_num_313536.jpg,data/raw/magnetic_tile_dataset/MT_Uneven/Imgs/exp5_num_313536.png,Uneven,1
data/raw/magnetic_tile_dataset/MT_Free/Imgs/exp4_num_16575.jpg,data/raw/magnetic_tile_dataset/MT_Free/Imgs/exp4_num_16575.png,Free,0
data/raw/magnetic_tile_dataset/MT_Break/Imgs/exp5_num_284552.jpg,data/raw/magnetic_tile_dataset/MT_Break/Imgs/exp5_num_284552.png,Break,1
data/raw/magnetic_tile_dataset/MT_Free/Imgs/exp6_num_5892.jpg,data/raw/magnetic_tile_dataset/MT_Free/Imgs/exp6_num_5892.png,Free,0
data/raw/magnetic_tile_dataset/MT_Uneven/Imgs/exp1_num_28341.jpg,data/raw/magnetic_tile_dataset/MT_Uneven/Imgs/exp1_num_28341.png,Uneven,1
data/raw/magnetic_tile_dataset/MT_Uneven/Imgs/exp1_num_274094.jpg,data/raw/magnetic_tile_dataset/MT_Uneven/Imgs/exp1_num_274094.png,Uneven,1
data/raw/magnetic_tile_dataset/MT_Free/Imgs/exp4_num_251495.jpg,data/raw/magnetic_tile_dataset/MT_Free/Imgs/exp4_num_251495.png,Free,0
data/raw/magnetic_tile_dataset/MT_Blowhole/Imgs/exp5_num_9549.jpg,data/raw/magnetic_tile_dataset/MT_Blowhole/Imgs/exp5_num_9549.png,Blowhole,1
data/raw/magnetic_tile_dataset/MT_Blowhole/Imgs/exp6_num_3789.jpg,data/raw/magnetic_tile_dataset/MT_Blowhole/Imgs/exp6_num_3789.png,Blowhole,1
data/raw/magnetic_tile_dataset/MT_Break/Imgs/exp5_num_320724.jpg,data/raw/magnetic_tile_dataset/MT_Break/Imgs/exp5_num_320724.png,Break,1
data/raw/magnetic_tile_dataset/MT_Uneven/Imgs/exp1_num_24793.jpg,data/raw/magnetic_tile_dataset/MT_Uneven/Imgs/exp1_num_24793.png,Uneven,1
data/raw/magnetic_tile_dataset/MT_Free/Imgs/exp1_num_342849.jpg,data/raw/magnetic_tile_dataset/MT_Free/Imgs/exp1_num_342849.png,Free,0
data/raw/magnetic_tile_dataset/MT_Break/Imgs/exp3_num_284520.jpg,data/raw/magnetic_tile_dataset/MT_Break/Imgs/exp3_num_284520.png,Break,1
data/raw/magnetic_tile_dataset/MT_Free/Imgs/exp1_num_177906.jpg,data/raw/magnetic_tile_dataset/MT_Free/Imgs/exp1_num_177906.png,Free,0
data/raw/magnetic_tile_dataset/MT_Crack/Imgs/exp5_num_265695.jpg,data/raw/magnetic_tile_dataset/MT_Crack/Imgs/exp5_num_265695.png,Crack,1
data/raw/magnetic_tile_dataset/MT_Free/Imgs/exp1_num_280205.jpg,data/raw/magnetic_tile_dataset/MT_Free/Imgs/exp1_num_280205.png,Free,0
data/raw/magnetic_tile_dataset/MT_Free/Imgs/exp3_num_329247.jpg,data/raw/magnetic_tile_dataset/MT_Free/Imgs/exp3_num_329247.png,Free,0
data/raw/magnetic_tile_dataset/MT_Free/Imgs/exp2_num_19728.jpg,data/raw/magnetic_tile_dataset/MT_Free/Imgs/exp2_num_19728.png,Free,0
data/raw/magnetic_tile_dataset/MT_Free/Imgs/exp2_num_320463.jpg,data/raw/magnetic_tile_dataset/MT_Free/Imgs/exp2_num_320463.png,Free,0
data/raw/magnetic_tile_dataset/MT_Free/Imgs/exp6_num_183930.jpg,data/raw/magnetic_tile_dataset/MT_Free/Imgs/exp6_num_183930.png,Free,0
data/raw/magnetic_tile_dataset/MT_Fray/Imgs/exp6_num_135686.jpg,data/raw/magnetic_tile_dataset/MT_Fray/Imgs/exp6_num_135686.png,Fray,1
data/raw/magnetic_tile_dataset/MT_Free/Imgs/exp6_num_292199.jpg,data/raw/magnetic_tile_dataset/MT_Free/Imgs/exp6_num_292199.png,Free,0
data/raw/magnetic_tile_dataset/MT_Crack/Imgs/exp4_num_116553.jpg,data/raw/magnetic_tile_dataset/MT_Crack/Imgs/exp4_num_116553.png,Crack,1
data/raw/magnetic_tile_dataset/MT_Uneven/Imgs/exp5_num_45084.jpg,data/raw/magnetic_tile_dataset/MT_Uneven/Imgs/exp5_num_45084.png,Uneven,1
data/raw/magnetic_tile_dataset/MT_Free/Imgs/exp1_num_264189.jpg,data/raw/magnetic_tile_dataset/MT_Free/Imgs/exp1_num_264189.png,Free,0
data/raw/magnetic_tile_dataset/MT_Uneven/Imgs/exp5_num_33487.jpg,data/raw/magnetic_tile_dataset/MT_Uneven/Imgs/exp5_num_33487.png,Uneven,1
data/raw/magnetic_tile_dataset/MT_Uneven/Imgs/exp2_num_124592.jpg,data/raw/magnetic_tile_dataset/MT_Uneven/Imgs/exp2_num_124592.png,Uneven,1
data/raw/magnetic_tile_dataset/MT_Free/Imgs/exp1_num_126299.jpg,data/raw/magnetic_tile_dataset/MT_Free/Imgs/exp1_num_126299.png,Free,0
data/raw/magnetic_tile_dataset/MT_Free/Imgs/exp2_num_50402.jpg,data/raw/magnetic_tile_dataset/MT_Free/Imgs/exp2_num_50402.png,Free,0
data/raw/magnetic_tile_dataset/MT_Uneven/Imgs/exp3_num_109271.jpg,data/raw/magnetic_tile_dataset/MT_Uneven/Imgs/exp3_num_109271.png,Uneven,1
data/raw/magnetic_tile_dataset/MT_Fray/Imgs/exp3_num_135593.jpg,data/raw/magnetic_tile_dataset/MT_Fray/Imgs/exp3_num_135593.png,Fray,1
data/raw/magnetic_tile_dataset/MT_Free/Imgs/exp2_num_342873.jpg,data/raw/magnetic_tile_dataset/MT_Free/Imgs/exp2_num_342873.png,Free,0
data/raw/magnetic_tile_dataset/MT_Uneven/Imgs/exp2_num_139820.jpg,data/raw/magnetic_tile_dataset/MT_Uneven/Imgs/exp2_num_139820.png,Uneven,1
data/raw/magnetic_tile_dataset/MT_Free/Imgs/exp2_num_317576.jpg,data/raw/magnetic_tile_dataset/MT_Free/Imgs/exp2_num_317576.png,Free,0
data/raw/magnetic_tile_dataset/MT_Blowhole/Imgs/exp1_num_36290.jpg,data/raw/magnetic_tile_dataset/MT_Blowhole/Imgs/exp1_num_36290.png,Blowhole,1
data/raw/magnetic_tile_dataset/MT_Blowhole/Imgs/exp3_num_4764.jpg,data/raw/magnetic_tile_dataset/MT_Blowhole/Imgs/exp3_num_4764.png,Blowhole,1
data/raw/magnetic_tile_dataset/MT_Crack/Imgs/exp4_num_265677.jpg,data/raw/magnetic_tile_dataset/MT_Crack/Imgs/exp4_num_265677.png,Crack,1
data/raw/magnetic_tile_dataset/MT_Free/Imgs/exp1_num_178453.jpg,data/raw/magnetic_tile_dataset/MT_Free/Imgs/exp1_num_178453.png,Free,0
data/raw/magnetic_tile_dataset/MT_Blowhole/Imgs/exp6_num_291134.jpg,data/raw/magnetic_tile_dataset/MT_Blowhole/Imgs/exp6_num_291134.png,Blowhole,1
data/raw/magnetic_tile_dataset/MT_Uneven/Imgs/exp3_num_313507.jpg,data/raw/magnetic_tile_dataset/MT_Uneven/Imgs/exp3_num_313507.png,Uneven,1
data/raw/magnetic_tile_dataset/MT_Free/Imgs/exp4_num_241391.jpg,data/raw/magnetic_tile_dataset/MT_Free/Imgs/exp4_num_241391.png,Free,0
data/raw/magnetic_tile_dataset/MT_Free/Imgs/exp5_num_326973.jpg,data/raw/magnetic_tile_dataset/MT_Free/Imgs/exp5_num_326973.png,Free,0
data/raw/magnetic_tile_dataset/MT_Crack/Imgs/exp3_num_339854.jpg,data/raw/magnetic_tile_dataset/MT_Crack/Imgs/exp3_num_339854.png,Crack,1
data/raw/magnetic_tile_dataset/MT_Free/Imgs/exp4_num_264241.jpg,data/raw/magnetic_tile_dataset/MT_Free/Imgs/exp4_num_264241.png,Free,0
data/raw/magnetic_tile_dataset/MT_Break/Imgs/exp3_num_77583.jpg,data/raw/magnetic_tile_dataset/MT_Break/Imgs/exp3_num_77583.png,Break,1
data/raw/magnetic_tile_dataset/MT_Free/Imgs/exp3_num_311344.jpg,data/raw/magnetic_tile_dataset/MT_Free/Imgs/exp3_num_311344.png,Free,0
data/raw/magnetic_tile_dataset/MT_Crack/Imgs/exp6_num_249821.jpg,data/raw/magnetic_tile_dataset/MT_Crack/Imgs/exp6_num_249821.png,Crack,1
data/raw/magnetic_tile_dataset/MT_Free/Imgs/exp2_num_264206.jpg,data/raw/magnetic_tile_dataset/MT_Free/Imgs/exp2_num_264206.png,Free,0
data/raw/magnetic_tile_dataset/MT_Uneven/Imgs/exp2_num_129056.jpg,data/raw/magnetic_tile_dataset/MT_Uneven/Imgs/exp2_num_129056.png,Uneven,1
data/raw/magnetic_tile_dataset/MT_Free/Imgs/exp4_num_359501.jpg,data/raw/magnetic_tile_dataset/MT_Free/Imgs/exp4_num_359501.png,Free,0
data/raw/magnetic_tile_dataset/MT_Free/Imgs/exp1_num_262642.jpg,data/raw/magnetic_tile_dataset/MT_Free/Imgs/exp1_num_262642.png,Free,0
data/raw/magnetic_tile_dataset/MT_Free/Imgs/exp3_num_10945.jpg,data/raw/magnetic_tile_dataset/MT_Free/Imgs/exp3_num_10945.png,Free,0
data/raw/magnetic_tile_dataset/MT_Free/Imgs/exp2_num_260949.jpg,data/raw/magnetic_tile_dataset/MT_Free/Imgs/exp2_num_260949.png,Free,0
data/raw/magnetic_tile_dataset/MT_Break/Imgs/exp3_num_26146.jpg,data/raw/magnetic_tile_dataset/MT_Break/Imgs/exp3_num_26146.png,Break,1
data/raw/magnetic_tile_dataset/MT_Free/Imgs/exp5_num_351488.jpg,data/raw/magnetic_tile_dataset/MT_Free/Imgs/exp5_num_351488.png,Free,0
data/raw/magnetic_tile_dataset/MT_Free/Imgs/exp4_num_54958.jpg,data/raw/magnetic_tile_dataset/MT_Free/Imgs/exp4_num_54958.png,Free,0
data/raw/magnetic_tile_dataset/MT_Uneven/Imgs/exp1_num_313478.jpg,data/raw/magnetic_tile_dataset/MT_Uneven/Imgs/exp1_num_313478.png,Uneven,1
data/raw/magnetic_tile_dataset/MT_Free/Imgs/exp3_num_16556.jpg,data/raw/magnetic_tile_dataset/MT_Free/Imgs/exp3_num_16556.png,Free,0
data/raw/magnetic_tile_dataset/MT_Free/Imgs/exp3_num_320486.jpg,data/raw/magnetic_tile_dataset/MT_Free/Imgs/exp3_num_320486.png,Free,0
data/raw/magnetic_tile_dataset/MT_Crack/Imgs/exp3_num_342176.jpg,data/raw/magnetic_tile_dataset/MT_Crack/Imgs/exp3_num_342176.png,Crack,1
data/raw/magnetic_tile_dataset/MT_Free/Imgs/exp5_num_29537.jpg,data/raw/magnetic_tile_dataset/MT_Free/Imgs/exp5_num_29537.png,Free,0
data/raw/magnetic_tile_dataset/MT_Break/Imgs/exp6_num_304361.jpg,data/raw/magnetic_tile_dataset/MT_Break/Imgs/exp6_num_304361.png,Break,1
data/raw/magnetic_tile_dataset/MT_Free/Imgs/exp5_num_257962.jpg,data/raw/magnetic_tile_dataset/MT_Free/Imgs/exp5_num_257962.png,Free,0
data/raw/magnetic_tile_dataset/MT_Free/Imgs/exp4_num_261992.jpg,data/raw/magnetic_tile_dataset/MT_Free/Imgs/exp4_num_261992.png,Free,0
data/raw/magnetic_tile_dataset/MT_Free/Imgs/exp2_num_266815.jpg,data/raw/magnetic_tile_dataset/MT_Free/Imgs/exp2_num_266815.png,Free,0
data/raw/magnetic_tile_dataset/MT_Fray/Imgs/exp1_num_20362.jpg,data/raw/magnetic_tile_dataset/MT_Fray/Imgs/exp1_num_20362.png,Fray,1
data/raw/magnetic_tile_dataset/MT_Free/Imgs/exp4_num_180903.jpg,data/raw/magnetic_tile_dataset/MT_Free/Imgs/exp4_num_180903.png,Free,0
data/raw/magnetic_tile_dataset/MT_Break/Imgs/exp2_num_62577.jpg,data/raw/magnetic_tile_dataset/MT_Break/Imgs/exp2_num_62577.png,Break,1
data/raw/magnetic_tile_dataset/MT_Free/Imgs/exp3_num_319346.jpg,data/raw/magnetic_tile_dataset/MT_Free/Imgs/exp3_num_319346.png,Free,0
data/raw/magnetic_tile_dataset/MT_Free/Imgs/exp4_num_94954.jpg,data/raw/magnetic_tile_dataset/MT_Free/Imgs/exp4_num_94954.png,Free,0
data/raw/magnetic_tile_dataset/MT_Free/Imgs/exp4_num_258885.jpg,data/raw/magnetic_tile_dataset/MT_Free/Imgs/exp4_num_258885.png,Free,0
data/raw/magnetic_tile_dataset/MT_Crack/Imgs/exp4_num_3234.jpg,data/raw/magnetic_tile_dataset/MT_Crack/Imgs/exp4_num_3234.png,Crack,1
data/raw/magnetic_tile_dataset/MT_Free/Imgs/exp2_num_319698.jpg,data/raw/magnetic_tile_dataset/MT_Free/Imgs/exp2_num_319698.png,Free,0
data/raw/magnetic_tile_dataset/MT_Free/Imgs/exp2_num_31124.jpg,data/raw/magnetic_tile_dataset/MT_Free/Imgs/exp2_num_31124.png,Free,0
data/raw/magnetic_tile_dataset/MT_Uneven/Imgs/exp2_num_311834.jpg,data/raw/magnetic_tile_dataset/MT_Uneven/Imgs/exp2_num_311834.png,Uneven,1
data/raw/magnetic_tile_dataset/MT_Uneven/Imgs/exp5_num_155415.jpg,data/raw/magnetic_tile_dataset/MT_Uneven/Imgs/exp5_num_155415.png,Uneven,1
data/raw/magnetic_tile_dataset/MT_Free/Imgs/exp6_num_71297.jpg,data/raw/magnetic_tile_dataset/MT_Free/Imgs/exp6_num_71297.png,Free,0
data/raw/magnetic_tile_dataset/MT_Uneven/Imgs/exp4_num_109286.jpg,data/raw/magnetic_tile_dataset/MT_Uneven/Imgs/exp4_num_109286.png,Uneven,1
data/raw/magnetic_tile_dataset/MT_Free/Imgs/exp4_num_144227.jpg,data/raw/magnetic_tile_dataset/MT_Free/Imgs/exp4_num_144227.png,Free,0
data/raw/magnetic_tile_dataset/MT_Free/Imgs/exp3_num_351463.jpg,data/raw/magnetic_tile_dataset/MT_Free/Imgs/exp3_num_351463.png,Free,0
data/raw/magnetic_tile_dataset/MT_Free/Imgs/exp1_num_3786.jpg,data/raw/magnetic_tile_dataset/MT_Free/Imgs/exp1_num_3786.png,Free,0
data/raw/magnetic_tile_dataset/MT_Free/Imgs/exp4_num_2657.jpg,data/raw/magnetic_tile_dataset/MT_Free/Imgs/exp4_num_2657.png,Free,0
data/raw/magnetic_tile_dataset/MT_Free/Imgs/exp3_num_106186.jpg,data/raw/magnetic_tile_dataset/MT_Free/Imgs/exp3_num_106186.png,Free,0
data/raw/magnetic_tile_dataset/MT_Free/Imgs/exp2_num_257132.jpg,data/raw/magnetic_tile_dataset/MT_Free/Imgs/exp2_num_257132.png,Free,0
data/raw/magnetic_tile_dataset/MT_Crack/Imgs/exp2_num_342162.jpg,data/raw/magnetic_tile_dataset/MT_Crack/Imgs/exp2_num_342162.png,Crack,1
data/raw/magnetic_tile_dataset/MT_Crack/Imgs/exp6_num_116623.jpg,data/raw/magnetic_tile_dataset/MT_Crack/Imgs/exp6_num_116623.png,Crack,1
data/raw/magnetic_tile_dataset/MT_Blowhole/Imgs/exp2_num_308043.jpg,data/raw/magnetic_tile_dataset/MT_Blowhole/Imgs/exp2_num_308043.png,Blowhole,1
data/raw/magnetic_tile_dataset/MT_Blowhole/Imgs/exp3_num_51711.jpg,data/raw/magnetic_tile_dataset/MT_Blowhole/Imgs/exp3_num_51711.png,Blowhole,1
data/raw/magnetic_tile_dataset/MT_Break/Imgs/exp2_num_284506.jpg,data/raw/magnetic_tile_dataset/MT_Break/Imgs/exp2_num_284506.png,Break,1
data/raw/magnetic_tile_dataset/MT_Crack/Imgs/exp2_num_3211.jpg,data/raw/magnetic_tile_dataset/MT_Crack/Imgs/exp2_num_3211.png,Crack,1
data/raw/magnetic_tile_dataset/MT_Free/Imgs/exp6_num_304811.jpg,data/raw/magnetic_tile_dataset/MT_Free/Imgs/exp6_num_304811.png,Free,0
data/raw/magnetic_tile_dataset/MT_Free/Imgs/exp2_num_317911.jpg,data/raw/magnetic_tile_dataset/MT_Free/Imgs/exp2_num_317911.png,Free,0
data/raw/magnetic_tile_dataset/MT_Break/Imgs/exp6_num_320759.jpg,data/raw/magnetic_tile_dataset/MT_Break/Imgs/exp6_num_320759.png,Break,1
data/raw/magnetic_tile_dataset/MT_Free/Imgs/exp1_num_37243.jpg,data/raw/magnetic_tile_dataset/MT_Free/Imgs/exp1_num_37243.png,Free,0
data/raw/magnetic_tile_dataset/MT_Free/Imgs/exp5_num_266347.jpg,data/raw/magnetic_tile_dataset/MT_Free/Imgs/exp5_num_266347.png,Free,0
data/raw/magnetic_tile_dataset/MT_Free/Imgs/exp4_num_266329.jpg,data/raw/magnetic_tile_dataset/MT_Free/Imgs/exp4_num_266329.png,Free,0
data/raw/magnetic_tile_dataset/MT_Free/Imgs/exp6_num_284942.jpg,data/raw/magnetic_tile_dataset/MT_Free/Imgs/exp6_num_284942.png,Free,0
data/raw/magnetic_tile_dataset/MT_Free/Imgs/exp4_num_255718.jpg,data/raw/magnetic_tile_dataset/MT_Free/Imgs/exp4_num_255718.png,Free,0
data/raw/magnetic_tile_dataset/MT_Break/Imgs/exp3_num_116981.jpg,data/raw/magnetic_tile_dataset/MT_Break/Imgs/exp3_num_116981.png,Break,1
data/raw/magnetic_tile_dataset/MT_Break/Imgs/exp3_num_356756.jpg,data/raw/magnetic_tile_dataset/MT_Break/Imgs/exp3_num_356756.png,Break,1
data/raw/magnetic_tile_dataset/MT_Free/Imgs/exp3_num_266316.jpg,data/raw/magnetic_tile_dataset/MT_Free/Imgs/exp3_num_266316.png,Free,0
data/raw/magnetic_tile_dataset/MT_Free/Imgs/exp1_num_286232.jpg,data/raw/magnetic_tile_dataset/MT_Free/Imgs/exp1_num_286232.png,Free,0
data/raw/magnetic_tile_dataset/MT_Uneven/Imgs/exp4_num_311863.jpg,data/raw/magnetic_tile_dataset/MT_Uneven/Imgs/exp4_num_311863.png,Uneven,1
data/raw/magnetic_tile_dataset/MT_Crack/Imgs/exp4_num_85998.jpg,data/raw/magnetic_tile_dataset/MT_Crack/Imgs/exp4_num_85998.png,Crack,1
data/raw/magnetic_tile_dataset/MT_Free/Imgs/exp6_num_279178.jpg,data/raw/magnetic_tile_dataset/MT_Free/Imgs/exp6_num_279178.png,Free,0
data/raw/magnetic_tile_dataset/MT_Free/Imgs/exp5_num_246375.jpg,data/raw/magnetic_tile_dataset/MT_Free/Imgs/exp5_num_246375.png,Free,0
data/raw/magnetic_tile_dataset/MT_Free/Imgs/exp3_num_257678.jpg,data/raw/magnetic_tile_dataset/MT_Free/Imgs/exp3_num_257678.png,Free,0
data/raw/magnetic_tile_dataset/MT_Free/Imgs/exp1_num_301474.jpg,data/raw/magnetic_tile_dataset/MT_Free/Imgs/exp1_num_301474.png,Free,0
data/raw/magnetic_tile_dataset/MT_Free/Imgs/exp5_num_71267.jpg,data/raw/magnetic_tile_dataset/MT_Free/Imgs/exp5_num_71267.png,Free,0
data/raw/magnetic_tile_dataset/MT_Free/Imgs/exp6_num_296754.jpg,data/raw/magnetic_tile_dataset/MT_Free/Imgs/exp6_num_296754.png,Free,0
data/raw/magnetic_tile_dataset/MT_Blowhole/Imgs/exp1_num_322605.jpg,data/raw/magnetic_tile_dataset/MT_Blowhole/Imgs/exp1_num_322605.png,Blowhole,1
data/raw/magnetic_tile_dataset/MT_Free/Imgs/exp1_num_275662.jpg,data/raw/magnetic_tile_dataset/MT_Free/Imgs/exp1_num_275662.png,Free,0
data/raw/magnetic_tile_dataset/MT_Free/Imgs/exp5_num_255775.jpg,data/raw/magnetic_tile_dataset/MT_Free/Imgs/exp5_num_255775.png,Free,0
data/raw/magnetic_tile_dataset/MT_Blowhole/Imgs/exp2_num_36302.jpg,data/raw/magnetic_tile_dataset/MT_Blowhole/Imgs/exp2_num_36302.png,Blowhole,1
data/raw/magnetic_tile_dataset/MT_Blowhole/Imgs/exp6_num_328105.jpg,data/raw/magnetic_tile_dataset/MT_Blowhole/Imgs/exp6_num_328105.png,Blowhole,1
data/raw/magnetic_tile_dataset/MT_Free/Imgs/exp6_num_308897.jpg,data/raw/magnetic_tile_dataset/MT_Free/Imgs/exp6_num_308897.png,Free,0
data/raw/magnetic_tile_dataset/MT_Free/Imgs/exp5_num_192233.jpg,data/raw/magnetic_tile_dataset/MT_Free/Imgs/exp5_num_192233.png,Free,0
data/raw/magnetic_tile_dataset/MT_Free/Imgs/exp1_num_293254.jpg,data/raw/magnetic_tile_dataset/MT_Free/Imgs/exp1_num_293254.png,Free,0
data/raw/magnetic_tile_dataset/MT_Uneven/Imgs/exp4_num_129083.jpg,data/raw/magnetic_tile_dataset/MT_Uneven/Imgs/exp4_num_129083.png,Uneven,1
data/raw/magnetic_tile_dataset/MT_Free/Imgs/exp4_num_262687.jpg,data/raw/magnetic_tile_dataset/MT_Free/Imgs/exp4_num_262687.png,Free,0
data/raw/magnetic_tile_dataset/MT_Free/Imgs/exp6_num_262294.jpg,data/raw/magnetic_tile_dataset/MT_Free/Imgs/exp6_num_262294.png,Free,0
data/raw/magnetic_tile_dataset/MT_Free/Imgs/exp1_num_855.jpg,data/raw/magnetic_tile_dataset/MT_Free/Imgs/exp1_num_855.png,Free,0
data/raw/magnetic_tile_dataset/MT_Free/Imgs/exp4_num_313877.jpg,data/raw/magnetic_tile_dataset/MT_Free/Imgs/exp4_num_313877.png,Free,0
data/raw/magnetic_tile_dataset/MT_Free/Imgs/exp3_num_52702.jpg,data/raw/magnetic_tile_dataset/MT_Free/Imgs/exp3_num_52702.png,Free,0
data/raw/magnetic_tile_dataset/MT_Free/Imgs/exp5_num_286294.jpg,data/raw/magnetic_tile_dataset/MT_Free/Imgs/exp5_num_286294.png,Free,0
data/raw/magnetic_tile_dataset/MT_Free/Imgs/exp3_num_321466.jpg,data/raw/magnetic_tile_dataset/MT_Free/Imgs/exp3_num_321466.png,Free,0
data/raw/magnetic_tile_dataset/MT_Free/Imgs/exp4_num_37071.jpg,data/raw/magnetic_tile_dataset/MT_Free/Imgs/exp4_num_37071.png,Free,0
data/raw/magnetic_tile_dataset/MT_Uneven/Imgs/exp1_num_172241.jpg,data/raw/magnetic_tile_dataset/MT_Uneven/Imgs/exp1_num_172241.png,Uneven,1
data/raw/magnetic_tile_dataset/MT_Free/Imgs/exp6_num_331267.jpg,data/raw/magnetic_tile_dataset/MT_Free/Imgs/exp6_num_331267.png,Free,0
data/raw/magnetic_tile_dataset/MT_Break/Imgs/exp2_num_356745.jpg,data/raw/magnetic_tile_dataset/MT_Break/Imgs/exp2_num_356745.png,Break,1
data/raw/magnetic_tile_dataset/MT_Break/Imgs/exp1_num_98080.jpg,data/raw/magnetic_tile_dataset/MT_Break/Imgs/exp1_num_98080.png,Break,1
data/raw/magnetic_tile_dataset/MT_Crack/Imgs/exp1_num_249594.jpg,data/raw/magnetic_tile_dataset/MT_Crack/Imgs/exp1_num_249594.png,Crack,1
data/raw/magnetic_tile_dataset/MT_Free/Imgs/exp2_num_53025.jpg,data/raw/magnetic_tile_dataset/MT_Free/Imgs/exp2_num_53025.png,Free,0
data/raw/magnetic_tile_dataset/MT_Crack/Imgs/exp5_num_339932.jpg,data/raw/magnetic_tile_dataset/MT_Crack/Imgs/exp5_num_339932.png,Crack,1
data/raw/magnetic_tile_dataset/MT_Uneven/Imgs/exp3_num_270169.jpg,data/raw/magnetic_tile_dataset/MT_Uneven/Imgs/exp3_num_270169.png,Uneven,1
data/raw/magnetic_tile_dataset/MT_Free/Imgs/exp3_num_270593.jpg,data/raw/magnetic_tile_dataset/MT_Free/Imgs/exp3_num_270593.png,Free,0
data/raw/magnetic_tile_dataset/MT_Blowhole/Imgs/exp2_num_3696.jpg,data/raw/magnetic_tile_dataset/MT_Blowhole/Imgs/exp2_num_3696.png,Blowhole,1
data/raw/magnetic_tile_dataset/MT_Crack/Imgs/exp1_num_342140.jpg,data/raw/magnetic_tile_dataset/MT_Crack/Imgs/exp1_num_342140.png,Crack,1
data/raw/magnetic_tile_dataset/MT_Crack/Imgs/exp3_num_3223.jpg,data/raw/magnetic_tile_dataset/MT_Crack/Imgs/exp3_num_3223.png,Crack,1
data/raw/magnetic_tile_dataset/MT_Free/Imgs/exp6_num_316396.jpg,data/raw/magnetic_tile_dataset/MT_Free/Imgs/exp6_num_316396.png,Free,0
data/raw/magnetic_tile_dataset/MT_Free/Imgs/exp4_num_126353.jpg,data/raw/magnetic_tile_dataset/MT_Free/Imgs/exp4_num_126353.png,Free,0
data/raw/magnetic_tile_dataset/MT_Break/Imgs/exp6_num_348888.jpg,data/raw/magnetic_tile_dataset/MT_Break/Imgs/exp6_num_348888.png,Break,1
data/raw/magnetic_tile_dataset/MT_Free/Imgs/exp6_num_70585.jpg,data/raw/magnetic_tile_dataset/MT_Free/Imgs/exp6_num_70585.png,Free,0
data/raw/magnetic_tile_dataset/MT_Blowhole/Imgs/exp3_num_3710.jpg,data/raw/magnetic_tile_dataset/MT_Blowhole/Imgs/exp3_num_3710.png,Blowhole,1
data/raw/magnetic_tile_dataset/MT_Free/Imgs/exp6_num_344641.jpg,data/raw/magnetic_tile_dataset/MT_Free/Imgs/exp6_num_344641.png,Free,0
data/raw/magnetic_tile_dataset/MT_Crack/Imgs/exp6_num_85665.jpg,data/raw/magnetic_tile_dataset/MT_Crack/Imgs/exp6_num_85665.png,Crack,1
data/raw/magnetic_tile_dataset/MT_Break/Imgs/exp6_num_284593.jpg,data/raw/magnetic_tile_dataset/MT_Break/Imgs/exp6_num_284593.png,Break,1
data/raw/magnetic_tile_dataset/MT_Uneven/Imgs/exp2_num_45028.jpg,data/raw/magnetic_tile_dataset/MT_Uneven/Imgs/exp2_num_45028.png,Uneven,1
data/raw/magnetic_tile_dataset/MT_Uneven/Imgs/exp3_num_33395.jpg,data/raw/magnetic_tile_dataset/MT_Uneven/Imgs/exp3_num_33395.png,Uneven,1
data/raw/magnetic_tile_dataset/MT_Break/Imgs/exp4_num_276401.jpg,data/raw/magnetic_tile_dataset/MT_Break/Imgs/exp4_num_276401.png,Break,1
data/raw/magnetic_tile_dataset/MT_Free/Imgs/exp6_num_332013.jpg,data/raw/magnetic_tile_dataset/MT_Free/Imgs/exp6_num_332013.png,Free,0
data/raw/magnetic_tile_dataset/MT_Blowhole/Imgs/exp1_num_4944.jpg,data/raw/magnetic_tile_dataset/MT_Blowhole/Imgs/exp1_num_4944.png,Blowhole,1
data/raw/magnetic_tile_dataset/MT_Free/Imgs/exp4_num_270607.jpg,data/raw/magnetic_tile_dataset/MT_Free/Imgs/exp4_num_270607.png,Free,0
data/raw/magnetic_tile_dataset/MT_Free/Imgs/exp2_num_183171.jpg,data/raw/magnetic_tile_dataset/MT_Free/Imgs/exp2_num_183171.png,Free,0
data/raw/magnetic_tile_dataset/MT_Free/Imgs/exp6_num_178602.jpg,data/raw/magnetic_tile_dataset/MT_Free/Imgs/exp6_num_178602.png,Free,0
data/raw/magnetic_tile_dataset/MT_Free/Imgs/exp3_num_37278.jpg,data/raw/magnetic_tile_dataset/MT_Free/Imgs/exp3_num_37278.png,Free,0
data/raw/magnetic_tile_dataset/MT_Free/Imgs/exp1_num_297276.jpg,data/raw/magnetic_tile_dataset/MT_Free/Imgs/exp1_num_297276.png,Free,0
data/raw/magnetic_tile_dataset/MT_Uneven/Imgs/exp6_num_109350.jpg,data/raw/magnetic_tile_dataset/MT_Uneven/Imgs/exp6_num_109350.png,Uneven,1
data/raw/magnetic_tile_dataset/MT_Uneven/Imgs/exp6_num_155478.jpg,data/raw/magnetic_tile_dataset/MT_Uneven/Imgs/exp6_num_155478.png,Uneven,1
data/raw/magnetic_tile_dataset/MT_Free/Imgs/exp3_num_174699.jpg,data/raw/magnetic_tile_dataset/MT_Free/Imgs/exp3_num_174699.png,Free,0
data/raw/magnetic_tile_dataset/MT_Crack/Imgs/exp5_num_85642.jpg,data/raw/magnetic_tile_dataset/MT_Crack/Imgs/exp5_num_85642.png,Crack,1
data/raw/magnetic_tile_dataset/MT_Uneven/Imgs/exp3_num_155360.jpg,data/raw/magnetic_tile_dataset/MT_Uneven/Imgs/exp3_num_155360.png,Uneven,1
data/raw/magnetic_tile_dataset/MT_Free/Imgs/exp6_num_9196.jpg,data/raw/magnetic_tile_dataset/MT_Free/Imgs/exp6_num_9196.png,Free,0
data/raw/magnetic_tile_dataset/MT_Free/Imgs/exp1_num_240048.jpg,data/raw/magnetic_tile_dataset/MT_Free/Imgs/exp1_num_240048.png,Free,0
data/raw/magnetic_tile_dataset/MT_Fray/Imgs/exp4_num_136676.jpg,data/raw/magnetic_tile_dataset/MT_Fray/Imgs/exp4_num_136676.png,Fray,1
data/raw/magnetic_tile_dataset/MT_Blowhole/Imgs/exp6_num_262705.jpg,data/raw/magnetic_tile_dataset/MT_Blowhole/Imgs/exp6_num_262705.png,Blowhole,1
data/raw/magnetic_tile_dataset/MT_Break/Imgs/exp2_num_194202.jpg,data/raw/magnetic_tile_dataset/MT_Break/Imgs/exp2_num_194202.png,Break,1
data/raw/magnetic_tile_dataset/MT_Free/Imgs/exp6_num_75343.jpg,data/raw/magnetic_tile_dataset/MT_Free/Imgs/exp6_num_75343.png,Free,0
data/raw/magnetic_tile_dataset/MT_Break/Imgs/exp6_num_242123.jpg,data/raw/magnetic_tile_dataset/MT_Break/Imgs/exp6_num_242123.png,Break,1
data/raw/magnetic_tile_dataset/MT_Break/Imgs/exp4_num_116999.jpg,data/raw/magnetic_tile_dataset/MT_Break/Imgs/exp4_num_116999.png,Break,1
data/raw/magnetic_tile_dataset/MT_Uneven/Imgs/exp1_num_33365.jpg,data/raw/magnetic_tile_dataset/MT_Uneven/Imgs/exp1_num_33365.png,Uneven,1
data/raw/magnetic_tile_dataset/MT_Free/Imgs/exp2_num_6528.jpg,data/raw/magnetic_tile_dataset/MT_Free/Imgs/exp2_num_6528.png,Free,0
data/raw/magnetic_tile_dataset/MT_Blowhole/Imgs/exp1_num_51674.jpg,data/raw/magnetic_tile_dataset/MT_Blowhole/Imgs/exp1_num_51674.png,Blowhole,1
data/raw/magnetic_tile_dataset/MT_Free/Imgs/exp6_num_309443.jpg,data/raw/magnetic_tile_dataset/MT_Free/Imgs/exp6_num_309443.png,Free,0
data/raw/magnetic_tile_dataset/MT_Free/Imgs/exp6_num_19822.jpg,data/raw/magnetic_tile_dataset/MT_Free/Imgs/exp6_num_19822.png,Free,0
data/raw/magnetic_tile_dataset/MT_Uneven/Imgs/exp4_num_139856.jpg,data/raw/magnetic_tile_dataset/MT_Uneven/Imgs/exp4_num_139856.png,Uneven,1
data/raw/magnetic_tile_dataset/MT_Free/Imgs/exp3_num_129632.jpg,data/raw/magnetic_tile_dataset/MT_Free/Imgs/exp3_num_129632.png,Free,0
data/raw/magnetic_tile_dataset/MT_Blowhole/Imgs/exp1_num_308015.jpg,data/raw/magnetic_tile_dataset/MT_Blowhole/Imgs/exp1_num_308015.png,Blowhole,1
data/raw/magnetic_tile_dataset/MT_Free/Imgs/exp1_num_180836.jpg,data/raw/magnetic_tile_dataset/MT_Free/Imgs/exp1_num_180836.png,Free,0
data/raw/magnetic_tile_dataset/MT_Blowhole/Imgs/exp1_num_6984.jpg,data/raw/magnetic_tile_dataset/MT_Blowhole/Imgs/exp1_num_6984.png,Blowhole,1
data/raw/magnetic_tile_dataset/MT_Blowhole/Imgs/exp1_num_265077.jpg,data/raw/magnetic_tile_dataset/MT_Blowhole/Imgs/exp1_num_265077.png,Blowhole,1
data/raw/magnetic_tile_dataset/MT_Free/Imgs/exp2_num_118897.jpg,data/raw/magnetic_tile_dataset/MT_Free/Imgs/exp2_num_118897.png,Free,0
data/raw/magnetic_tile_dataset/MT_Free/Imgs/exp6_num_309719.jpg,data/raw/magnetic_tile_dataset/MT_Free/Imgs/exp6_num_309719.png,Free,0
data/raw/magnetic_tile_dataset/MT_Break/Imgs/exp4_num_271416.jpg,data/raw/magnetic_tile_dataset/MT_Break/Imgs/exp4_num_271416.png,Break,1
data/raw/magnetic_tile_dataset/MT_Free/Imgs/exp3_num_289625.jpg,data/raw/magnetic_tile_dataset/MT_Free/Imgs/exp3_num_289625.png,Free,0
data/raw/magnetic_tile_dataset/MT_Crack/Imgs/exp6_num_339965.jpg,data/raw/magnetic_tile_dataset/MT_Crack/Imgs/exp6_num_339965.png,Crack,1
data/raw/magnetic_tile_dataset/MT_Uneven/Imgs/exp2_num_313494.jpg,data/raw/magnetic_tile_dataset/MT_Uneven/Imgs/exp2_num_313494.png,Uneven,1
data/raw/magnetic_tile_dataset/MT_Free/Imgs/exp1_num_192126.jpg,data/raw/magnetic_tile_dataset/MT_Free/Imgs/exp1_num_192126.png,Free,0
data/raw/magnetic_tile_dataset/MT_Free/Imgs/exp4_num_344591.jpg,data/raw/magnetic_tile_dataset/MT_Free/Imgs/exp4_num_344591.png,Free,0
data/raw/magnetic_tile_dataset/MT_Free/Imgs/exp5_num_10969.jpg,data/raw/magnetic_tile_dataset/MT_Free/Imgs/exp5_num_10969.png,Free,0
data/raw/magnetic_tile_dataset/MT_Uneven/Imgs/exp5_num_109313.jpg,data/raw/magnetic_tile_dataset/MT_Uneven/Imgs/exp5_num_109313.png,Uneven,1
data/raw/magnetic_tile_dataset/MT_Blowhole/Imgs/exp2_num_9496.jpg,data/raw/magnetic_tile_dataset/MT_Blowhole/Imgs/exp2_num_9496.png,Blowhole,1
data/raw/magnetic_tile_dataset/MT_Break/Imgs/exp2_num_116961.jpg,data/raw/magnetic_tile_dataset/MT_Break/Imgs/exp2_num_116961.png,Break,1
data/raw/magnetic_tile_dataset/MT_Blowhole/Imgs/exp5_num_7054.jpg,data/raw/magnetic_tile_dataset/MT_Blowhole/Imgs/exp5_num_7054.png,Blowhole,1
data/raw/magnetic_tile_dataset/MT_Fray/Imgs/exp5_num_20449.jpg,data/raw/magnetic_tile_dataset/MT_Fray/Imgs/exp5_num_20449.png,Fray,1
data/raw/magnetic_tile_dataset/MT_Free/Imgs/exp4_num_116311.jpg,data/raw/magnetic_tile_dataset/MT_Free/Imgs/exp4_num_116311.png,Free,0
data/raw/magnetic_tile_dataset/MT_Crack/Imgs/exp2_num_249619.jpg,data/raw/magnetic_tile_dataset/MT_Crack/Imgs/exp2_num_249619.png,Crack,1
data/raw/magnetic_tile_dataset/MT_Free/Imgs/exp3_num_326938.jpg,data/raw/magnetic_tile_dataset/MT_Free/Imgs/exp3_num_326938.png,Free,0
data/raw/magnetic_tile_dataset/MT_Free/Imgs/exp6_num_261003.jpg,data/raw/magnetic_tile_dataset/MT_Free/Imgs/exp6_num_261003.png,Free,0
data/raw/magnetic_tile_dataset/MT_Free/Imgs/exp5_num_193164.jpg,data/raw/magnetic_tile_dataset/MT_Free/Imgs/exp5_num_193164.png,Free,0
data/raw/magnetic_tile_dataset/MT_Free/Imgs/exp2_num_260505.jpg,data/raw/magnetic_tile_dataset/MT_Free/Imgs/exp2_num_260505.png,Free,0
data/raw/magnetic_tile_dataset/MT_Free/Imgs/exp1_num_289590.jpg,data/raw/magnetic_tile_dataset/MT_Free/Imgs/exp1_num_289590.png,Free,0
data/raw/magnetic_tile_dataset/MT_Free/Imgs/exp5_num_289653.jpg,data/raw/magnetic_tile_dataset/MT_Free/Imgs/exp5_num_289653.png,Free,0
data/raw/magnetic_tile_dataset/MT_Free/Imgs/exp6_num_183290.jpg,data/raw/magnetic_tile_dataset/MT_Free/Imgs/exp6_num_183290.png,Free,0
data/raw/magnetic_tile_dataset/MT_Uneven/Imgs/exp4_num_28388.jpg,data/raw/magnetic_tile_dataset/MT_Uneven/Imgs/exp4_num_28388.png,Uneven,1
data/raw/magnetic_tile_dataset/MT_Free/Imgs/exp3_num_256305.jpg,data/raw/magnetic_tile_dataset/MT_Free/Imgs/exp3_num_256305.png,Free,0
data/raw/magnetic_tile_dataset/MT_Blowhole/Imgs/exp4_num_54308.jpg,data/raw/magnetic_tile_dataset/MT_Blowhole/Imgs/exp4_num_54308.png,Blowhole,1
data/raw/magnetic_tile_dataset/MT_Break/Imgs/exp3_num_271400.jpg,data/raw/magnetic_tile_dataset/MT_Break/Imgs/exp3_num_271400.png,Break,1
data/raw/magnetic_tile_dataset/MT_Blowhole/Imgs/exp2_num_262572.jpg,data/raw/magnetic_tile_dataset/MT_Blowhole/Imgs/exp2_num_262572.png,Blowhole,1
data/raw/magnetic_tile_dataset/MT_Break/Imgs/exp6_num_356817.jpg,data/raw/magnetic_tile_dataset/MT_Break/Imgs/exp6_num_356817.png,Break,1
data/raw/magnetic_tile_dataset/MT_Free/Imgs/exp3_num_320833.jpg,data/raw/magnetic_tile_dataset/MT_Free/Imgs/exp3_num_320833.png,Free,0
data/raw/magnetic_tile_dataset/MT_Free/Imgs/exp3_num_241380.jpg,data/raw/magnetic_tile_dataset/MT_Free/Imgs/exp3_num_241380.png,Free,0
data/raw/magnetic_tile_dataset/MT_Free/Imgs/exp6_num_11001.jpg,data/raw/magnetic_tile_dataset/MT_Free/Imgs/exp6_num_11001.png,Free,0
data/raw/magnetic_tile_dataset/MT_Free/Imgs/exp4_num_331970.jpg,data/raw/magnetic_tile_dataset/MT_Free/Imgs/exp4_num_331970.png,Free,0
data/raw/magnetic_tile_dataset/MT_Uneven/Imgs/exp5_num_270218.jpg,data/raw/magnetic_tile_dataset/MT_Uneven/Imgs/exp5_num_270218.png,Uneven,1
data/raw/magnetic_tile_dataset/MT_Free/Imgs/exp2_num_293276.jpg,data/raw/magnetic_tile_dataset/MT_Free/Imgs/exp2_num_293276.png,Free,0
data/raw/magnetic_tile_dataset/MT_Free/Imgs/exp1_num_10903.jpg,data/raw/magnetic_tile_dataset/MT_Free/Imgs/exp1_num_10903.png,Free,0
data/raw/magnetic_tile_dataset/MT_Free/Imgs/exp5_num_178566.jpg,data/raw/magnetic_tile_dataset/MT_Free/Imgs/exp5_num_178566.png,Free,0
data/raw/magnetic_tile_dataset/MT_Crack/Imgs/exp2_num_265639.jpg,data/raw/magnetic_tile_dataset/MT_Crack/Imgs/exp2_num_265639.png,Crack,1
data/raw/magnetic_tile_dataset/MT_Break/Imgs/exp2_num_98102.jpg,data/raw/magnetic_tile_dataset/MT_Break/Imgs/exp2_num_98102.png,Break,1
data/raw/magnetic_tile_dataset/MT_Uneven/Imgs/exp3_num_28373.jpg,data/raw/magnetic_tile_dataset/MT_Uneven/Imgs/exp3_num_28373.png,Uneven,1
data/raw/magnetic_tile_dataset/MT_Blowhole/Imgs/exp2_num_291023.jpg,data/raw/magnetic_tile_dataset/MT_Blowhole/Imgs/exp2_num_291023.png,Blowhole,1
data/raw/magnetic_tile_dataset/MT_Free/Imgs/exp5_num_257273.jpg,data/raw/magnetic_tile_dataset/MT_Free/Imgs/exp5_num_257273.png,Free,0
data/raw/magnetic_tile_dataset/MT_Blowhole/Imgs/exp5_num_328057.jpg,data/raw/magnetic_tile_dataset/MT_Blowhole/Imgs/exp5_num_328057.png,Blowhole,1
data/raw/magnetic_tile_dataset/MT_Uneven/Imgs/exp4_num_573.jpg,data/raw/magnetic_tile_dataset/MT_Uneven/Imgs/exp4_num_573.png,Uneven,1
data/raw/magnetic_tile_dataset/MT_Free/Imgs/exp1_num_39412.jpg,data/raw/magnetic_tile_dataset/MT_Free/Imgs/exp1_num_39412.png,Free,0
data/raw/magnetic_tile_dataset/MT_Blowhole/Imgs/exp3_num_4978.jpg,data/raw/magnetic_tile_dataset/MT_Blowhole/Imgs/exp3_num_4978.png,Blowhole,1
data/raw/magnetic_tile_dataset/MT_Crack/Imgs/exp4_num_85602.jpg,data/raw/magnetic_tile_dataset/MT_Crack/Imgs/exp4_num_85602.png,Crack,1
data/raw/magnetic_tile_dataset/MT_Blowhole/Imgs/exp1_num_3667.jpg,data/raw/magnetic_tile_dataset/MT_Blowhole/Imgs/exp1_num_3667.png,Blowhole,1
data/raw/magnetic_tile_dataset/MT_Free/Imgs/exp1_num_138599.jpg,data/raw/magnetic_tile_dataset/MT_Free/Imgs/exp1_num_138599.png,Free,0
data/raw/magnetic_tile_dataset/MT_Uneven/Imgs/exp2_num_109256.jpg,data/raw/magnetic_tile_dataset/MT_Uneven/Imgs/exp2_num_109256.png,Uneven,1
data/raw/magnetic_tile_dataset/MT_Break/Imgs/exp4_num_304328.jpg,data/raw/magnetic_tile_dataset/MT_Break/Imgs/exp4_num_304328.png,Break,1
data/raw/magnetic_tile_dataset/MT_Free/Imgs/exp1_num_284841.jpg,data/raw/magnetic_tile_dataset/MT_Free/Imgs/exp1_num_284841.png,Free,0
data/raw/magnetic_tile_dataset/MT_Free/Imgs/exp3_num_270803.jpg,data/raw/magnetic_tile_dataset/MT_Free/Imgs/exp3_num_270803.png,Free,0
data/raw/magnetic_tile_dataset/MT_Blowhole/Imgs/exp5_num_4801.jpg,data/raw/magnetic_tile_dataset/MT_Blowhole/Imgs/exp5_num_4801.png,Blowhole,1
data/raw/magnetic_tile_dataset/MT_Fray/Imgs/exp6_num_136770.jpg,data/raw/magnetic_tile_dataset/MT_Fray/Imgs/exp6_num_136770.png,Fray,1
data/raw/magnetic_tile_dataset/MT_Free/Imgs/exp2_num_304688.jpg,data/raw/magnetic_tile_dataset/MT_Free/Imgs/exp2_num_304688.png,Free,0
data/raw/magnetic_tile_dataset/MT_Break/Imgs/exp5_num_194256.jpg,data/raw/magnetic_tile_dataset/MT_Break/Imgs/exp5_num_194256.png,Break,1
data/raw/magnetic_tile_dataset/MT_Fray/Imgs/exp2_num_135572.jpg,data/raw/magnetic_tile_dataset/MT_Fray/Imgs/exp2_num_135572.png,Fray,1
data/raw/magnetic_tile_dataset/MT_Blowhole/Imgs/exp5_num_297552.jpg,data/raw/magnetic_tile_dataset/MT_Blowhole/Imgs/exp5_num_297552.png,Blowhole,1
data/raw/magnetic_tile_dataset/MT_Free/Imgs/exp4_num_110151.jpg,data/raw/magnetic_tile_dataset/MT_Free/Imgs/exp4_num_110151.png,Free,0
data/raw/magnetic_tile_dataset/MT_Free/Imgs/exp4_num_342904.jpg,data/raw/magnetic_tile_dataset/MT_Free/Imgs/exp4_num_342904.png,Free,0
data/raw/magnetic_tile_dataset/MT_Free/Imgs/exp6_num_6634.jpg,data/raw/magnetic_tile_dataset/MT_Free/Imgs/exp6_num_6634.png,Free,0
data/raw/magnetic_tile_dataset/MT_Free/Imgs/exp6_num_317640.jpg,data/raw/magnetic_tile_dataset/MT_Free/Imgs/exp6_num_317640.png,Free,0
data/raw/magnetic_tile_dataset/MT_Uneven/Imgs/exp1_num_270128.jpg,data/raw/magnetic_tile_dataset/MT_Uneven/Imgs/exp1_num_270128.png,Uneven,1
data/raw/magnetic_tile_dataset/MT_Free/Imgs/exp1_num_270753.jpg,data/raw/magnetic_tile_dataset/MT_Free/Imgs/exp1_num_270753.png,Free,0
data/raw/magnetic_tile_dataset/MT_Free/Imgs/exp1_num_54107.jpg,data/raw/magnetic_tile_dataset/MT_Free/Imgs/exp1_num_54107.png,Free,0
data/raw/magnetic_tile_dataset/MT_Free/Imgs/exp5_num_317612.jpg,data/raw/magnetic_tile_dataset/MT_Free/Imgs/exp5_num_317612.png,Free,0
data/raw/magnetic_tile_dataset/MT_Uneven/Imgs/exp4_num_124690.jpg,data/raw/magnetic_tile_dataset/MT_Uneven/Imgs/exp4_num_124690.png,Uneven,1
data/raw/magnetic_tile_dataset/MT_Blowhole/Imgs/exp5_num_308098.jpg,data/raw/magnetic_tile_dataset/MT_Blowhole/Imgs/exp5_num_308098.png,Blowhole,1
data/raw/magnetic_tile_dataset/MT_Blowhole/Imgs/exp6_num_7102.jpg,data/raw/magnetic_tile_dataset/MT_Blowhole/Imgs/exp6_num_7102.png,Blowhole,1
data/raw/magnetic_tile_dataset/MT_Free/Imgs/exp3_num_331190.jpg,data/raw/magnetic_tile_dataset/MT_Free/Imgs/exp3_num_331190.png,Free,0
data/raw/magnetic_tile_dataset/MT_Free/Imgs/exp1_num_31106.jpg,data/raw/magnetic_tile_dataset/MT_Free/Imgs/exp1_num_31106.png,Free,0
data/raw/magnetic_tile_dataset/MT_Fray/Imgs/exp6_num_20496.jpg,data/raw/magnetic_tile_dataset/MT_Fray/Imgs/exp6_num_20496.png,Fray,1
data/raw/magnetic_tile_dataset/MT_Uneven/Imgs/exp5_num_24876.jpg,data/raw/magnetic_tile_dataset/MT_Uneven/Imgs/exp5_num_24876.png,Uneven,1
data/raw/magnetic_tile_dataset/MT_Crack/Imgs/exp6_num_88201.jpg,data/raw/magnetic_tile_dataset/MT_Crack/Imgs/exp6_num_88201.png,Crack,1
data/raw/magnetic_tile_dataset/MT_Free/Imgs/exp3_num_6571.jpg,data/raw/magnetic_tile_dataset/MT_Free/Imgs/exp3_num_6571.png,Free,0
data/raw/magnetic_tile_dataset/MT_Free/Imgs/exp2_num_128095.jpg,data/raw/magnetic_tile_dataset/MT_Free/Imgs/exp2_num_128095.png,Free,0
data/raw/magnetic_tile_dataset/MT_Free/Imgs/exp5_num_293317.jpg,data/raw/magnetic_tile_dataset/MT_Free/Imgs/exp5_num_293317.png,Free,0
data/raw/magnetic_tile_dataset/MT_Uneven/Imgs/exp1_num_129031.jpg,data/raw/magnetic_tile_dataset/MT_Uneven/Imgs/exp1_num_129031.png,Uneven,1
data/raw/magnetic_tile_dataset/MT_Blowhole/Imgs/exp1_num_317483.jpg,data/raw/magnetic_tile_dataset/MT_Blowhole/Imgs/exp1_num_317483.png,Blowhole,1
data/raw/magnetic_tile_dataset/MT_Blowhole/Imgs/exp6_num_36280.jpg,data/raw/magnetic_tile_dataset/MT_Blowhole/Imgs/exp6_num_36280.png,Blowhole,1
data/raw/magnetic_tile_dataset/MT_Uneven/Imgs/exp5_num_28404.jpg,data/raw/magnetic_tile_dataset/MT_Uneven/Imgs/exp5_num_28404.png,Uneven,1
data/raw/magnetic_tile_dataset/MT_Uneven/Imgs/exp3_num_311847.jpg,data/raw/magnetic_tile_dataset/MT_Uneven/Imgs/exp3_num_311847.png,Uneven,1
data/raw/magnetic_tile_dataset/MT_Break/Imgs/exp5_num_276416.jpg,data/raw/magnetic_tile_dataset/MT_Break/Imgs/exp5_num_276416.png,Break,1
data/raw/magnetic_tile_dataset/MT_Free/Imgs/exp1_num_283203.jpg,data/raw/magnetic_tile_dataset/MT_Free/Imgs/exp1_num_283203.png,Free,0
data/raw/magnetic_tile_dataset/MT_Free/Imgs/exp4_num_245804.jpg,data/raw/magnetic_tile_dataset/MT_Free/Imgs/exp4_num_245804.png,Free,0
data/raw/magnetic_tile_dataset/MT_Crack/Imgs/exp2_num_116527.jpg,data/raw/magnetic_tile_dataset/MT_Crack/Imgs/exp2_num_116527.png,Crack,1
data/raw/magnetic_tile_dataset/MT_Free/Imgs/exp1_num_11276.jpg,data/raw/magnetic_tile_dataset/MT_Free/Imgs/exp1_num_11276.png,Free,0
data/raw/magnetic_tile_dataset/MT_Free/Imgs/exp3_num_154595.jpg,data/raw/magnetic_tile_dataset/MT_Free/Imgs/exp3_num_154595.png,Free,0
data/raw/magnetic_tile_dataset/MT_Break/Imgs/exp6_num_271512.jpg,data/raw/magnetic_tile_dataset/MT_Break/Imgs/exp6_num_271512.png,Break,1
data/raw/magnetic_tile_dataset/MT_Blowhole/Imgs/exp1_num_9473.jpg,data/raw/magnetic_tile_dataset/MT_Blowhole/Imgs/exp1_num_9473.png,Blowhole,1
data/raw/magnetic_tile_dataset/MT_Free/Imgs/exp5_num_264257.jpg,data/raw/magnetic_tile_dataset/MT_Free/Imgs/exp5_num_264257.png,Free,0
data/raw/magnetic_tile_dataset/MT_Free/Imgs/exp4_num_280989.jpg,data/raw/magnetic_tile_dataset/MT_Free/Imgs/exp4_num_280989.png,Free,0
data/raw/magnetic_tile_dataset/MT_Blowhole/Imgs/exp3_num_328014.jpg,data/raw/magnetic_tile_dataset/MT_Blowhole/Imgs/exp3_num_328014.png,Blowhole,1
data/raw/magnetic_tile_dataset/MT_Free/Imgs/exp0_num_743.jpg,data/raw/magnetic_tile_dataset/MT_Free/Imgs/exp0_num_743.png,Free,0
data/raw/magnetic_tile_dataset/MT_Uneven/Imgs/exp5_num_139883.jpg,data/raw/magnetic_tile_dataset/MT_Uneven/Imgs/exp5_num_139883.png,Uneven,1
data/raw/magnetic_tile_dataset/MT_Blowhole/Imgs/exp4_num_51725.jpg,data/raw/magnetic_tile_dataset/MT_Blowhole/Imgs/exp4_num_51725.png,Blowhole,1
data/raw/magnetic_tile_dataset/MT_Free/Imgs/exp5_num_70558.jpg,data/raw/magnetic_tile_dataset/MT_Free/Imgs/exp5_num_70558.png,Free,0
data/raw/magnetic_tile_dataset/MT_Break/Imgs/exp5_num_105879.jpg,data/raw/magnetic_tile_dataset/MT_Break/Imgs/exp5_num_105879.png,Break,1
data/raw/magnetic_tile_dataset/MT_Free/Imgs/exp6_num_11357.jpg,data/raw/magnetic_tile_dataset/MT_Free/Imgs/exp6_num_11357.png,Free,0
data/raw/magnetic_tile_dataset/MT_Blowhole/Imgs/exp1_num_290998.jpg,data/raw/magnetic_tile_dataset/MT_Blowhole/Imgs/exp1_num_290998.png,Blowhole,1
data/raw/magnetic_tile_dataset/MT_Free/Imgs/exp6_num_338952.jpg,data/raw/magnetic_tile_dataset/MT_Free/Imgs/exp6_num_338952.png,Free,0
data/raw/magnetic_tile_dataset/MT_Free/Imgs/exp1_num_304672.jpg,data/raw/magnetic_tile_dataset/MT_Free/Imgs/exp1_num_304672.png,Free,0
data/raw/magnetic_tile_dataset/MT_Break/Imgs/exp1_num_194173.jpg,data/raw/magnetic_tile_dataset/MT_Break/Imgs/exp1_num_194173.png,Break,1
data/raw/magnetic_tile_dataset/MT_Blowhole/Imgs/exp5_num_36269.jpg,data/raw/magnetic_tile_dataset/MT_Blowhole/Imgs/exp5_num_36269.png,Blowhole,1
data/raw/magnetic_tile_dataset/MT_Uneven/Imgs/exp2_num_352504.jpg,data/raw/magnetic_tile_dataset/MT_Uneven/Imgs/exp2_num_352504.png,Uneven,1
data/raw/magnetic_tile_dataset/MT_Free/Imgs/exp3_num_258867.jpg,data/raw/magnetic_tile_dataset/MT_Free/Imgs/exp3_num_258867.png,Free,0
data/raw/magnetic_tile_dataset/MT_Blowhole/Imgs/exp1_num_327970.jpg,data/raw/magnetic_tile_dataset/MT_Blowhole/Imgs/exp1_num_327970.png,Blowhole,1
data/raw/magnetic_tile_dataset/MT_Free/Imgs/exp6_num_282965.jpg,data/raw/magnetic_tile_dataset/MT_Free/Imgs/exp6_num_282965.png,Free,0
data/raw/magnetic_tile_dataset/MT_Free/Imgs/exp3_num_251473.jpg,data/raw/magnetic_tile_dataset/MT_Free/Imgs/exp3_num_251473.png,Free,0
data/raw/magnetic_tile_dataset/MT_Free/Imgs/exp2_num_306609.jpg,data/raw/magnetic_tile_dataset/MT_Free/Imgs/exp2_num_306609.png,Free,0
data/raw/magnetic_tile_dataset/MT_Blowhole/Imgs/exp3_num_322643.jpg,data/raw/magnetic_tile_dataset/MT_Blowhole/Imgs/exp3_num_322643.png,Blowhole,1
data/raw/magnetic_tile_dataset/MT_Free/Imgs/exp1_num_116949.jpg,data/raw/magnetic_tile_dataset/MT_Free/Imgs/exp1_num_116949.png,Free,0
data/raw/magnetic_tile_dataset/MT_Blowhole/Imgs/exp6_num_322697.jpg,data/raw/magnetic_tile_dataset/MT_Blowhole/Imgs/exp6_num_322697.png,Blowhole,1
data/raw/magnetic_tile_dataset/MT_Blowhole/Imgs/exp2_num_327997.jpg,data/raw/magnetic_tile_dataset/MT_Blowhole/Imgs/exp2_num_327997.png,Blowhole,1
data/raw/magnetic_tile_dataset/MT_Free/Imgs/exp5_num_240124.jpg,data/raw/magnetic_tile_dataset/MT_Free/Imgs/exp5_num_240124.png,Free,0
data/raw/magnetic_tile_dataset/MT_Blowhole/Imgs/exp6_num_40515.jpg,data/raw/magnetic_tile_dataset/MT_Blowhole/Imgs/exp6_num_40515.png,Blowhole,1
data/raw/magnetic_tile_dataset/MT_Free/Imgs/exp2_num_195672.jpg,data/raw/magnetic_tile_dataset/MT_Free/Imgs/exp2_num_195672.png,Free,0
data/raw/magnetic_tile_dataset/MT_Uneven/Imgs/exp4_num_186909.jpg,data/raw/magnetic_tile_dataset/MT_Uneven/Imgs/exp4_num_186909.png,Uneven,1
data/raw/magnetic_tile_dataset/MT_Blowhole/Imgs/exp2_num_7009.jpg,data/raw/magnetic_tile_dataset/MT_Blowhole/Imgs/exp2_num_7009.png,Blowhole,1
data/raw/magnetic_tile_dataset/MT_Free/Imgs/exp3_num_116991.jpg,data/raw/magnetic_tile_dataset/MT_Free/Imgs/exp3_num_116991.png,Free,0
data/raw/magnetic_tile_dataset/MT_Free/Imgs/exp3_num_126339.jpg,data/raw/magnetic_tile_dataset/MT_Free/Imgs/exp3_num_126339.png,Free,0
data/raw/magnetic_tile_dataset/MT_Blowhole/Imgs/exp4_num_4779.jpg,data/raw/magnetic_tile_dataset/MT_Blowhole/Imgs/exp4_num_4779.png,Blowhole,1
data/raw/magnetic_tile_dataset/MT_Free/Imgs/exp6_num_275466.jpg,data/raw/magnetic_tile_dataset/MT_Free/Imgs/exp6_num_275466.png,Free,0
data/raw/magnetic_tile_dataset/MT_Crack/Imgs/exp3_num_32171.jpg,data/raw/magnetic_tile_dataset/MT_Crack/Imgs/exp3_num_32171.png,Crack,1
data/raw/magnetic_tile_dataset/MT_Break/Imgs/exp1_num_320649.jpg,data/raw/magnetic_tile_dataset/MT_Break/Imgs/exp1_num_320649.png,Break,1
data/raw/magnetic_tile_dataset/MT_Free/Imgs/exp3_num_178510.jpg,data/raw/magnetic_tile_dataset/MT_Free/Imgs/exp3_num_178510.png,Free,0
data/raw/magnetic_tile_dataset/MT_Blowhole/Imgs/exp2_num_4748.jpg,data/raw/magnetic_tile_dataset/MT_Blowhole/Imgs/exp2_num_4748.png,Blowhole,1
data/raw/magnetic_tile_dataset/MT_Free/Imgs/exp2_num_38004.jpg,data/raw/magnetic_tile_dataset/MT_Free/Imgs/exp2_num_38004.png,Free,0
data/raw/magnetic_tile_dataset/MT_Blowhole/Imgs/exp5_num_317558.jpg,data/raw/magnetic_tile_dataset/MT_Blowhole/Imgs/exp5_num_317558.png,Blowhole,1
data/raw/magnetic_tile_dataset/MT_Blowhole/Imgs/exp5_num_40480.jpg,data/raw/magnetic_tile_dataset/MT_Blowhole/Imgs/exp5_num_40480.png,Blowhole,1
data/raw/magnetic_tile_dataset/MT_Break/Imgs/exp2_num_320673.jpg,data/raw/magnetic_tile_dataset/MT_Break/Imgs/exp2_num_320673.png,Break,1
data/raw/magnetic_tile_dataset/MT_Uneven/Imgs/exp3_num_186885.jpg,data/raw/magnetic_tile_dataset/MT_Uneven/Imgs/exp3_num_186885.png,Uneven,1
data/raw/magnetic_tile_dataset/MT_Fray/Imgs/exp1_num_135544.jpg,data/raw/magnetic_tile_dataset/MT_Fray/Imgs/exp1_num_135544.png,Fray,1
data/raw/magnetic_tile_dataset/MT_Free/Imgs/exp1_num_276985.jpg,data/raw/magnetic_tile_dataset/MT_Free/Imgs/exp1_num_276985.png,Free,0
data/raw/magnetic_tile_dataset/MT_Free/Imgs/exp6_num_3981.jpg,data/raw/magnetic_tile_dataset/MT_Free/Imgs/exp6_num_3981.png,Free,0
data/raw/magnetic_tile_dataset/MT_Uneven/Imgs/exp6_num_33541.jpg,data/raw/magnetic_tile_dataset/MT_Uneven/Imgs/exp6_num_33541.png,Uneven,1
data/raw/magnetic_tile_dataset/MT_Free/Imgs/exp2_num_39430.jpg,data/raw/magnetic_tile_dataset/MT_Free/Imgs/exp2_num_39430.png,Free,0
data/raw/magnetic_tile_dataset/MT_Break/Imgs/exp6_num_98402.jpg,data/raw/magnetic_tile_dataset/MT_Break/Imgs/exp6_num_98402.png,Break,1
data/raw/magnetic_tile_dataset/MT_Fray/Imgs/exp5_num_136716.jpg,data/raw/magnetic_tile_dataset/MT_Fray/Imgs/exp5_num_136716.png,Fray,1
data/raw/magnetic_tile_dataset/MT_Break/Imgs/exp6_num_149097.jpg,data/raw/magnetic_tile_dataset/MT_Break/Imgs/exp6_num_149097.png,Break,1
data/raw/magnetic_tile_dataset/MT_Blowhole/Imgs/exp6_num_297601.jpg,data/raw/magnetic_tile_dataset/MT_Blowhole/Imgs/exp6_num_297601.png,Blowhole,1
data/raw/magnetic_tile_dataset/MT_Break/Imgs/exp4_num_26163.jpg,data/raw/magnetic_tile_dataset/MT_Break/Imgs/exp4_num_26163.png,Break,1
data/raw/magnetic_tile_dataset/MT_Free/Imgs/exp3_num_306622.jpg,data/raw/magnetic_tile_dataset/MT_Free/Imgs/exp3_num_306622.png,Free,0
data/raw/magnetic_tile_dataset/MT_Free/Imgs/exp3_num_68398.jpg,data/raw/magnetic_tile_dataset/MT_Free/Imgs/exp3_num_68398.png,Free,0
data/raw/magnetic_tile_dataset/MT_Blowhole/Imgs/exp2_num_4964.jpg,data/raw/magnetic_tile_dataset/MT_Blowhole/Imgs/exp2_num_4964.png,Blowhole,1
data/raw/magnetic_tile_dataset/MT_Blowhole/Imgs/exp5_num_346381.jpg,data/raw/magnetic_tile_dataset/MT_Blowhole/Imgs/exp5_num_346381.png,Blowhole,1
data/raw/magnetic_tile_dataset/MT_Uneven/Imgs/exp5_num_311887.jpg,data/raw/magnetic_tile_dataset/MT_Uneven/Imgs/exp5_num_311887.png,Uneven,1
data/raw/magnetic_tile_dataset/MT_Free/Imgs/exp4_num_277041.jpg,data/raw/magnetic_tile_dataset/MT_Free/Imgs/exp4_num_277041.png,Free,0
data/raw/magnetic_tile_dataset/MT_Free/Imgs/exp2_num_258847.jpg,data/raw/magnetic_tile_dataset/MT_Free/Imgs/exp2_num_258847.png,Free,0
data/raw/magnetic_tile_dataset/MT_Fray/Imgs/exp2_num_136286.jpg,data/raw/magnetic_tile_dataset/MT_Fray/Imgs/exp2_num_136286.png,Fray,1
data/raw/magnetic_tile_dataset/MT_Break/Imgs/exp2_num_304305.jpg,data/raw/magnetic_tile_dataset/MT_Break/Imgs/exp2_num_304305.png,Break,1
data/raw/magnetic_tile_dataset/MT_Break/Imgs/exp2_num_105807.jpg,data/raw/magnetic_tile_dataset/MT_Break/Imgs/exp2_num_105807.png,Break,1
data/raw/magnetic_tile_dataset/MT_Break/Imgs/exp3_num_241926.jpg,data/raw/magnetic_tile_dataset/MT_Break/Imgs/exp3_num_241926.png,Break,1
data/raw/magnetic_tile_dataset/MT_Break/Imgs/exp5_num_149023.jpg,data/raw/magnetic_tile_dataset/MT_Break/Imgs/exp5_num_149023.png,Break,1
data/raw/magnetic_tile_dataset/MT_Uneven/Imgs/exp6_num_172365.jpg,data/raw/magnetic_tile_dataset/MT_Uneven/Imgs/exp6_num_172365.png,Uneven,1
data/raw/magnetic_tile_dataset/MT_Uneven/Imgs/exp2_num_33380.jpg,data/raw/magnetic_tile_dataset/MT_Uneven/Imgs/exp2_num_33380.png,Uneven,1
data/raw/magnetic_tile_dataset/MT_Crack/Imgs/exp5_num_86031.jpg,data/raw/magnetic_tile_dataset/MT_Crack/Imgs/exp5_num_86031.png,Crack,1
data/raw/magnetic_tile_dataset/MT_Free/Imgs/exp5_num_128134.jpg,data/raw/magnetic_tile_dataset/MT_Free/Imgs/exp5_num_128134.png,Free,0
data/raw/magnetic_tile_dataset/MT_Free/Imgs/exp4_num_50428.jpg,data/raw/magnetic_tile_dataset/MT_Free/Imgs/exp4_num_50428.png,Free,0
data/raw/magnetic_tile_dataset/MT_Free/Imgs/exp1_num_166172.jpg,data/raw/magnetic_tile_dataset/MT_Free/Imgs/exp1_num_166172.png,Free,0
data/raw/magnetic_tile_dataset/MT_Free/Imgs/exp6_num_320546.jpg,data/raw/magnetic_tile_dataset/MT_Free/Imgs/exp6_num_320546.png,Free,0
data/raw/magnetic_tile_dataset/MT_Free/Imgs/exp1_num_157166.jpg,data/raw/magnetic_tile_dataset/MT_Free/Imgs/exp1_num_157166.png,Free,0
